,NAME_OF_ISSUER,TITLE_OF_CLASS,CUSIP,VALUE,SHARES,SHARE TYPE,PUT_CALL,INVESTMENT_DISCRETION,DATE_STRING
0,10X GENOMICS INC,CL A COM,88025U109,29699000,209738,SH, ,DFND,2020-12-31
1,1LIFE HEALTHCARE INC,COM,68269G107,13933000,319200,SH, ,DFND,2020-12-31
2,21VIANET GROUP INC,SPONSORED ADS A,90138A103,61130000,1762186,SH, ,DFND,2020-12-31
3,360 DIGITECH INC,AMERICAN DEP,88557W101,324000,27500,SH, ,DFND,2020-12-31
4,908 DEVICES INC,COM,65443P102,1793000,31492,SH, ,DFND,2020-12-31
5,ABBVIE INC,COM,00287Y109,5834000,54446,SH, ,DFND,2020-12-31
6,ABCELLERA BIOLOGICS INC,COM,00288U106,2213000,55000,SH, ,DFND,2020-12-31
7,ABERCROMBIE & FITCH CO,CL A,002896207,6820000,334977,SH, ,DFND,2020-12-31
8,ABERCROMBIE & FITCH CO,CL A,002896207,2036000,100000,SH,Call,DFND,2020-12-31
9,ACADIA HEALTHCARE COMPANY IN,COM,00404A109,18888000,375804,SH, ,DFND,2020-12-31
10,ACADIA PHARMACEUTICALS INC,COM,004225108,8933000,167100,SH, ,DFND,2020-12-31
11,ACORDA THERAPEUTICS INC,COM,00484M106,623000,903364,SH, ,DFND,2020-12-31
12,ACTIVISION BLIZZARD INC,COM,00507V109,35628000,383719,SH, ,DFND,2020-12-31
13,ADAPTIMMUNE THERAPEUTICS PLC,SPONDS ADR,00653A107,9433000,1750000,SH, ,DFND,2020-12-31
14,ADDUS HOMECARE CORP,COM,006739106,5623000,48019,SH, ,DFND,2020-12-31
15,ADOBE SYSTEMS INCORPORATED,COM,00724F101,11412000,22818,SH, ,DFND,2020-12-31
16,ADVANCE AUTO PARTS INC,COM,00751Y106,15086000,95776,SH, ,DFND,2020-12-31
17,ADVANCED MICRO DEVICES INC,COM,007903107,345316000,3765308,SH, ,DFND,2020-12-31
18,ADVISORSHARES TR,PURE US CANNABIS,00768Y453,6205000,170000,SH, ,DFND,2020-12-31
19,ADVISORSHARES TR,PURE US CANNABIS,00768Y453,7300000,200000,SH,Call,DFND,2020-12-31
20,AEGLEA BIOTHERAPEUTICS INC,COM,00773J103,22985000,2920553,SH, ,DFND,2020-12-31
21,AEQUI ACQUISITION CORP,UNIT 11/30/2027,00775W201,4040000,400000,SH, ,DFND,2020-12-31
22,AERCAP HOLDINGS NV,SHS,N00985106,22120000,485300,SH, ,DFND,2020-12-31
23,AERPIO PHARMACEUTICALS INC,COM,00810B105,245000,250000,SH, ,DFND,2020-12-31
24,AES CORP,COM,00130H105,24030000,1022558,SH, ,DFND,2020-12-31
25,AFFIMED N V,COM,N01045108,17897000,3075000,SH, ,DFND,2020-12-31
26,AGIOS PHARMACEUTICALS INC,COM,00847X104,7782000,179600,SH, ,DFND,2020-12-31
27,AIR PRODS & CHEMS INC,COM,009158106,4945000,18100,SH, ,DFND,2020-12-31
28,AJAX I,UNIT 99/99/9999,G0190X118,3723000,300000,SH, ,DFND,2020-12-31
29,AKERO THERAPEUTICS INC,COM,00973Y108,18189000,705000,SH, ,DFND,2020-12-31
30,ALASKA AIR GROUP INC,COM,011659109,17244000,331609,SH, ,DFND,2020-12-31
31,ALDEYRA THERAPEUTICS INC,COM,01438T106,5888000,858270,SH, ,DFND,2020-12-31
32,ALEXION PHARMACEUTICALS INC,COM,015351109,31248000,200000,SH, ,DFND,2020-12-31
33,ALIBABA GROUP HLDG LTD,SPONSORED ADS,01609W102,45778000,196700,SH,Call,DFND,2020-12-31
34,ALIGN TECHNOLOGY INC,COM,016255101,12772000,23900,SH, ,DFND,2020-12-31
35,ALKERMES PLC,SHS,G01767105,14601000,731900,SH, ,DFND,2020-12-31
36,ALLEGHANY CORP DEL,COM,017175100,2898000,4800,SH, ,DFND,2020-12-31
37,ALLEGIANT TRAVEL CO,COM,01748X102,8965000,47376,SH, ,DFND,2020-12-31
38,ALLEGRO MICROSYSTEMS INC,COM,01749D105,2026000,76000,SH, ,DFND,2020-12-31
39,ALLENA PHARMACEUTICALS INC,COM,018119107,5120000,4000000,SH, ,DFND,2020-12-31
40,ALLETE INC,COM NEW,018522300,3549000,57300,SH, ,DFND,2020-12-31
41,ALLIANCE DATA SYSTEMS CORP,COM,018581108,60041000,810272,SH, ,DFND,2020-12-31
42,ALLIANT ENERGY CORP,COM,018802108,13671000,265300,SH, ,DFND,2020-12-31
43,ALLSTATE CORP,COM,020002101,3000000,27289,SH, ,DFND,2020-12-31
44,ALLY FINL INC,COM,02005N100,48593000,1362675,SH, ,DFND,2020-12-31
45,ALNYLAM PHARMACEUTICALS INC,COM,02043Q107,62633000,481900,SH, ,DFND,2020-12-31
46,ALPHABET INC,CAP STK CL A,02079K305,623672000,355847,SH, ,DFND,2020-12-31
47,ALPHABET INC,CAP STK CL A,02079K305,18929000,10800,SH,Call,DFND,2020-12-31
48,ALPHABET INC,CAP STK CL C,02079K107,44960000,25664,SH, ,DFND,2020-12-31
49,ALPHATEC HLDGS INC,COM NEW,02081G201,21908000,1508784,SH, ,DFND,2020-12-31
50,ALTERYX INC,COM CL A,02156B103,22184000,182148,SH, ,DFND,2020-12-31
51,ALTICE USA INC,CL A,02156K103,24771000,654100,SH, ,DFND,2020-12-31
52,ALTIMETER GROWTH CORP,UNIT 99/99/9999,G0370L124,1300000,100000,SH, ,DFND,2020-12-31
53,AMARIN CORP PLC,SPONS ADR NEW,023111206,2559000,523300,SH, ,DFND,2020-12-31
54,AMAZON COM INC,COM,023135106,152271000,46753,SH, ,DFND,2020-12-31
55,AMBAC FINL GROUP INC,COM NEW,023139884,8056000,523800,SH, ,DFND,2020-12-31
56,AMC NETWORKS INC,CL A,00164V103,7455000,208401,SH, ,DFND,2020-12-31
57,AMDOCS LTD,SHS,G02602103,39223000,552979,SH, ,DFND,2020-12-31
58,AMEDISYS INC,COM,023436108,8426000,28727,SH, ,DFND,2020-12-31
59,AMERICAN AIRLS GROUP INC,COM,02376R102,12616000,800000,SH,Put,DFND,2020-12-31
60,AMERICAN EAGLE OUTFITTERS IN,COM,02553E106,42713000,2128184,SH, ,DFND,2020-12-31
61,AMERICAN FINL GROUP INC OHIO,COM,025932104,692000,7900,SH, ,DFND,2020-12-31
62,AMERIPRISE FINL INC,COM,03076C106,350000,1800,SH, ,DFND,2020-12-31
63,AMETEK INC,COM,031100100,1197000,9900,SH, ,DFND,2020-12-31
64,AMN HEALTHCARE SVCS INC,COM,001744101,3296000,48300,SH, ,DFND,2020-12-31
65,ANALOG DEVICES INC,COM,032654105,71098000,481272,SH, ,DFND,2020-12-31
66,ANAPLAN INC,COM,03272L108,85630000,1191784,SH, ,DFND,2020-12-31
67,ANAPTYSBIO INC,COM,032724106,16346000,760300,SH, ,DFND,2020-12-31
68,ANGI HOMESERVICES INC,COM CL A,00183L102,33550000,2542656,SH, ,DFND,2020-12-31
69,ANGIODYNAMICS INC,COM,03475V101,5609000,365889,SH, ,DFND,2020-12-31
70,ANTARES PHARMA INC,COM,036642106,603000,151154,SH, ,DFND,2020-12-31
71,ANTERO MIDSTREAM CORP,COM,03676B102,1488000,193000,SH, ,DFND,2020-12-31
72,ANTERO RESOURCES CORP,COM,03674X106,2195000,402700,SH, ,DFND,2020-12-31
73,ANTHEM INC,COM,036752103,87415000,272243,SH, ,DFND,2020-12-31
74,AON PLC,SHS CL A,G0403H108,10175000,48163,SH, ,DFND,2020-12-31
75,APACHE CORP,COM,037411105,16249000,1145100,SH, ,DFND,2020-12-31
76,APELLIS PHARMACEUTICALS INC,COM,03753U106,1338000,23400,SH, ,DFND,2020-12-31
77,APOLLO GLOBAL MGMT INC,COM CL A,03768E105,9149000,186800,SH, ,DFND,2020-12-31
78,APPIAN CORP,CL A,03782L101,5592000,34500,SH, ,DFND,2020-12-31
79,APPLIED THERAPEUTICS INC,COM,03828A101,3522000,160000,SH, ,DFND,2020-12-31
80,APTARGROUP INC,COM,038336103,13689000,100000,SH, ,DFND,2020-12-31
81,APTOSE BIOSCIENCES INC,COM NEW,03835T200,77000,17600,SH, ,DFND,2020-12-31
82,ARAMARK,COM,03852U106,17067000,443542,SH, ,DFND,2020-12-31
83,ARCELORMITTAL SA LUXEMBOURG,NY REGISTRY SH,03938L203,18563000,810600,SH, ,DFND,2020-12-31
84,ARCH CAP GROUP LTD,ORD,G0450A105,142296000,3944982,SH, ,DFND,2020-12-31
85,ARCH RESOURCES INC,CL A,03940R107,6329000,144600,SH, ,DFND,2020-12-31
86,ARCUTIS BIOTHERAPEUTICS INC,COM,03969K108,24619000,875200,SH, ,DFND,2020-12-31
87,ARGO GROUP INTL HLDGS LTD,COM,G0464B107,756000,17300,SH, ,DFND,2020-12-31
88,ARRAY TECHNOLOGIES INC,COM SHS,04271T100,22933000,531589,SH, ,DFND,2020-12-31
89,ARROW ELECTRS INC,COM,042735100,3989000,41000,SH, ,DFND,2020-12-31
90,ARTISAN PARTNERS ASSET MGMT,CL A,04316A108,493000,9800,SH, ,DFND,2020-12-31
91,ARVINAS INC,COM,04335A105,42465000,500000,SH, ,DFND,2020-12-31
92,ASBURY AUTOMOTIVE GROUP INC,COM,043436104,6648000,45616,SH, ,DFND,2020-12-31
93,ASCENDIS PHARMA A/S,SPONSORED ADR,04351P101,6955000,41700,SH, ,DFND,2020-12-31
94,ASML HOLDING N V,N Y REGISTRY SHS,N07059210,17826000,36550,SH, ,DFND,2020-12-31
95,ASTRAZENECA PLC,SPONSORED ADR,046353108,211873000,4238298,SH, ,DFND,2020-12-31
96,ATARA BIOTHERAPEUTICS INC,COM,046513107,22099000,1125800,SH, ,DFND,2020-12-31
97,ATLAS AIR WORLDWIDE HLDGS IN,COM NEW,049164205,2987000,54758,SH, ,DFND,2020-12-31
98,ATLASSIAN CORP PLC,CL A,G06242104,34278000,146568,SH, ,DFND,2020-12-31
99,ATMOS ENERGY CORP,COM,049560105,9032000,94645,SH, ,DFND,2020-12-31
100,AURINIA PHARMACEUTICALS INC,COM,05156V102,29589000,2139461,SH, ,DFND,2020-12-31
101,AUTODESK INC,COM,052769106,29993000,98229,SH, ,DFND,2020-12-31
102,AUTOLIV INC,COM,052800109,12381000,134433,SH, ,DFND,2020-12-31
103,AUTOZONE INC,COM,053332102,124894000,105357,SH, ,DFND,2020-12-31
104,AVALARA INC,COM,05338G106,4431000,26875,SH, ,DFND,2020-12-31
105,AVANGRID INC,COM,05351W103,12421000,273299,SH, ,DFND,2020-12-31
106,AVANTOR INC,COM,05352A100,49421000,1755619,SH, ,DFND,2020-12-31
107,AVERY DENNISON CORP,COM,053611109,20542000,132437,SH, ,DFND,2020-12-31
108,AVID BIOSERVICES INC,COM,05368M106,1034000,89563,SH, ,DFND,2020-12-31
109,AVNET INC,COM,053807103,21805000,621052,SH, ,DFND,2020-12-31
110,AXALTA COATING SYS LTD,COM,G0750C108,32829000,1149875,SH, ,DFND,2020-12-31
111,AXIS CAP HLDGS LTD,SHS,G0692U109,1618000,32100,SH, ,DFND,2020-12-31
112,AXOGEN INC,COM,05463X106,2670000,149177,SH, ,DFND,2020-12-31
113,AXSOME THERAPEUTICS INC,COM,05464T104,6314000,77500,SH, ,DFND,2020-12-31
114,AZURE PWR GLOBAL LTD,SHS,V0393H103,408000,10000,SH, ,DFND,2020-12-31
115,BAIDU INC,SPON ADR REP A,056752108,49357000,228250,SH, ,DFND,2020-12-31
116,BAKER HUGHES COMPANY,CL A,05722G100,16724000,802109,SH, ,DFND,2020-12-31
117,BALLARD PWR SYS INC NEW,COM,058586108,2896000,123761,SH, ,DFND,2020-12-31
118,BANDWIDTH INC,COM CL A,05988J103,49743000,323700,SH, ,DFND,2020-12-31
119,BANK NEW YORK MELLON CORP,COM,064058100,25922000,610800,SH, ,DFND,2020-12-31
120,BAUSCH HEALTH COS INC,COM,071734107,72153000,3468900,SH, ,DFND,2020-12-31
121,BAXTER INTL INC,COM,071813109,23365000,291184,SH, ,DFND,2020-12-31
122,BECTON DICKINSON & CO,COM,075887109,40458000,161690,SH, ,DFND,2020-12-31
123,BED BATH & BEYOND INC,COM,075896100,3552000,200000,SH,Put,DFND,2020-12-31
124,BELDEN INC,COM,077454106,11669000,278500,SH, ,DFND,2020-12-31
125,BELLUS HEALTH INC NEW,COM NEW,07987C204,19033000,6220058,SH, ,DFND,2020-12-31
126,BERKLEY W R CORP,COM,084423102,36554000,550351,SH, ,DFND,2020-12-31
127,BERRY GLOBAL GROUP INC,COM,08579W103,24356000,433455,SH, ,DFND,2020-12-31
128,BEYONDSPRING INC,SHS,G10830100,2074000,170000,SH, ,DFND,2020-12-31
129,BGC PARTNERS INC,CL A,05541T101,24022000,6005500,SH, ,DFND,2020-12-31
130,BICYCLE THERAPEUTICS PLC,SPONSORED ADS,088786108,25804000,1437576,SH, ,DFND,2020-12-31
131,BILL COM HLDGS INC,COM,090043100,26761000,196049,SH, ,DFND,2020-12-31
132,BIO RAD LABS INC,CL A,090572207,3673000,6300,SH, ,DFND,2020-12-31
133,BIOCRYST PHARMACEUTICALS INC,COM,09058V103,24069000,3230800,SH, ,DFND,2020-12-31
134,BIOGEN INC,COM,09062X103,48668000,198760,SH, ,DFND,2020-12-31
135,BIOHAVEN PHARMACTL HLDG CO L,COM,G11196105,3138000,36608,SH, ,DFND,2020-12-31
136,BIOMARIN PHARMACEUTICAL INC,COM,09061G101,33419000,381100,SH, ,DFND,2020-12-31
137,BJS RESTAURANTS INC,COM,09180C106,7154000,185868,SH, ,DFND,2020-12-31
138,BLACK DIAMOND THERAPEUTICS I,COM,09203E105,19390000,605000,SH, ,DFND,2020-12-31
139,BLACKBERRY LTD,COM,09228F103,3092000,466300,SH, ,DFND,2020-12-31
140,BLACKROCK INC,COM,09247X101,48444000,67140,SH, ,DFND,2020-12-31
141,BLACKSTONE GROUP INC,COM CL A,09260D107,16021000,247200,SH, ,DFND,2020-12-31
142,BOISE CASCADE CO DEL,COM,09739D100,1663000,34800,SH, ,DFND,2020-12-31
143,BOOKING HOLDINGS INC,COM,09857L108,117457000,52736,SH, ,DFND,2020-12-31
144,BOOT BARN HLDGS INC,COM,099406100,7091000,163539,SH, ,DFND,2020-12-31
145,BOSTON BEER INC,CL A,100557107,34939000,35140,SH, ,DFND,2020-12-31
146,BOSTON PROPERTIES INC,COM,101121101,2184000,23100,SH, ,DFND,2020-12-31
147,BOSTON SCIENTIFIC CORP,COM,101137107,3415000,95000,SH, ,DFND,2020-12-31
148,BRIDGETOWN HOLDINGS LTD,*W EXP 09/30/202,G1355U121,146000,33333,SH, ,DFND,2020-12-31
149,BRIGHTHOUSE FINL INC,COM,10922N103,2451000,67700,SH, ,DFND,2020-12-31
150,BRIGHTSPHERE INVT GROUP INC,COM,10948W103,27268000,1414300,SH, ,DFND,2020-12-31
151,BRINKER INTL INC,COM,109641100,7867000,139073,SH, ,DFND,2020-12-31
152,BRINKS CO,COM,109696104,10721000,148900,SH, ,DFND,2020-12-31
153,BRISTOL-MYERS SQUIBB CO,COM,110122108,91846000,1480676,SH, ,DFND,2020-12-31
154,BRISTOL-MYERS SQUIBB CO,COM,110122108,124060000,2000000,SH,Call,DFND,2020-12-31
155,BRISTOL-MYERS SQUIBB CO,RIGHT 99/99/9999,110122157,3928000,5692000,SH, ,DFND,2020-12-31
156,BROADCOM INC,COM,11135F101,49762000,113650,SH, ,DFND,2020-12-31
157,BROOKFIELD ASSET MGMT INC,CL A LTD VT SH,112585104,10732000,260000,SH, ,DFND,2020-12-31
158,BROOKFIELD RENEWABLE PARTNER,PARTNERSHIP UNIT,G16258108,1165000,27000,SH, ,DFND,2020-12-31
159,BROOKS AUTOMATION INC NEW,COM,114340102,2840000,41854,SH, ,DFND,2020-12-31
160,BROWN & BROWN INC,COM,115236101,4874000,102800,SH, ,DFND,2020-12-31
161,BRP GROUP INC,COM CL A,05589G102,7576000,252800,SH, ,DFND,2020-12-31
162,BUNGE LIMITED,COM,G16962105,13676000,208536,SH, ,DFND,2020-12-31
163,BURLINGTON STORES INC,COM,122017106,34145000,130550,SH, ,DFND,2020-12-31
164,CACI INTL INC,CL A,127190304,24964000,100124,SH, ,DFND,2020-12-31
165,CAESARS ENTERTAINMENT INC NE,COM,12769G100,39107000,526550,SH, ,DFND,2020-12-31
166,CALITHERA BIOSCIENCES INC,COM,13089P101,8347000,1700000,SH, ,DFND,2020-12-31
167,CALIX INC,COM,13100M509,5231000,175776,SH, ,DFND,2020-12-31
168,CALLAWAY GOLF CO,COM,131193104,4325000,180115,SH, ,DFND,2020-12-31
169,CALLIDITAS THERAPEUTICS AB,SPONSERED ADS,13124Q106,3454000,102748,SH, ,DFND,2020-12-31
170,CANADIAN NAT RES LTD,COM,136385101,56286000,2343046,SH, ,DFND,2020-12-31
171,CANADIAN NATL RY CO,COM,136375102,9137000,83180,SH, ,DFND,2020-12-31
172,CANADIAN PAC RY LTD,COM,13645T100,20466000,59041,SH, ,DFND,2020-12-31
173,CANOO INC,COM CL A,13803R102,483000,35000,SH, ,DFND,2020-12-31
174,CANOPY GROWTH CORP,COM,138035100,3211000,130300,SH, ,DFND,2020-12-31
175,CANTEL MED CORP,COM,138098108,2760000,35000,SH, ,DFND,2020-12-31
176,CAPITAL ONE FINL CORP,COM,14040H105,153168000,1549500,SH, ,DFND,2020-12-31
177,CAPRI HOLDINGS LIMITED,SHS,G1890L107,61670000,1468332,SH, ,DFND,2020-12-31
178,CAPRI HOLDINGS LIMITED,SHS,G1890L107,6300000,150000,SH,Call,DFND,2020-12-31
179,CARDINAL HEALTH INC,COM,14149Y108,9080000,169532,SH, ,DFND,2020-12-31
180,CARNIVAL CORP,UNIT 99/99/9999,143658300,22270000,1028163,SH, ,DFND,2020-12-31
181,CARNIVAL CORP,UNIT 99/99/9999,143658300,8664000,400000,SH,Call,DFND,2020-12-31
182,CARRIER GLOBAL CORPORATION,COM,14448C104,7116000,188663,SH, ,DFND,2020-12-31
183,CARVANA CO,CL A,146869102,40304000,168256,SH, ,DFND,2020-12-31
184,CASTLE BIOSCIENCES INC,COM,14843C105,5449000,81145,SH, ,DFND,2020-12-31
185,CATERPILLAR INC,COM,149123101,10066000,55300,SH, ,DFND,2020-12-31
186,CDK GLOBAL INC,COM,12508E101,8452000,163062,SH, ,DFND,2020-12-31
187,CELANESE CORP DEL,COM,150870103,24611000,189400,SH, ,DFND,2020-12-31
188,CELSIUS HLDGS INC,COM NEW,15118V207,4895000,97300,SH, ,DFND,2020-12-31
189,CENOVUS ENERGY INC,COM,15135U109,5779000,950000,SH, ,DFND,2020-12-31
190,CENTENE CORP DEL,COM,15135B101,14335000,238800,SH, ,DFND,2020-12-31
191,CENTENNIAL RESOURCE DEV INC,CL A,15136A102,1208000,805200,SH, ,DFND,2020-12-31
192,CEREVEL THERAPEUTICS HLDNG I,*W EXP 06/09/202,15678U102,1271000,224999,SH, ,DFND,2020-12-31
193,CEREVEL THERAPEUTICS HLDNG I,COM,15678U128,1990000,120000,SH, ,DFND,2020-12-31
194,CERIDIAN HCM HLDG INC,COM,15677J108,42015000,394281,SH, ,DFND,2020-12-31
195,CERTARA INC,COM,15687V109,1686000,50000,SH, ,DFND,2020-12-31
196,CF INDS HLDGS INC,COM,125269100,10661000,275400,SH, ,DFND,2020-12-31
197,CHAMPIONX CORPORATION,COM,15872M104,11232000,734121,SH, ,DFND,2020-12-31
198,CHARLES RIV LABS INTL INC,COM,159864107,17553000,70252,SH, ,DFND,2020-12-31
199,CHARTER COMMUNICATIONS INC N,CL A,16119P108,42742000,64609,SH, ,DFND,2020-12-31
200,CHEFS WHSE INC,COM,163086101,1157000,45019,SH, ,DFND,2020-12-31
201,CHEMED CORP NEW,COM,16359R103,10919000,20500,SH, ,DFND,2020-12-31
202,CHENIERE ENERGY INC,COM NEW,16411R208,13623000,226932,SH, ,DFND,2020-12-31
203,CHEWY INC,CL A,16679L109,13286000,147800,SH,Put,DFND,2020-12-31
204,CHIASMA INC,COM,16706W102,5438000,1250000,SH, ,DFND,2020-12-31
205,CHILDRENS PL INC,COM,168905107,14722000,293845,SH, ,DFND,2020-12-31
206,CHILDRENS PL INC,COM,168905107,7515000,150000,SH,Put,DFND,2020-12-31
207,CHINA PETROLEUM & CHEMICAL C,SPON ADR H SHS,16941R108,10588000,237400,SH, ,DFND,2020-12-31
208,CHINOOK THERAPEUTICS INC,COM,16961L106,14230000,897246,SH, ,DFND,2020-12-31
209,CHUBB LIMITED,COM,H1467J104,43775000,284401,SH, ,DFND,2020-12-31
210,CHURCHILL CAPITAL CORP IV,UNIT 99/99/9999,171439201,1545000,150000,SH, ,DFND,2020-12-31
211,CHURCHILL CAPITAL CORP V,UNIT 99/99/9999,17144T206,1050000,100000,SH, ,DFND,2020-12-31
212,CIMAREX ENERGY CO,COM,171798101,24245000,646354,SH, ,DFND,2020-12-31
213,CIMPRESS PLC,SHS EURO,G2143T103,1302000,14839,SH, ,DFND,2020-12-31
214,CINTAS CORP,COM,172908105,17178000,48600,SH, ,DFND,2020-12-31
215,CIRRUS LOGIC INC,COM,172755100,28547000,347287,SH, ,DFND,2020-12-31
216,CITI TRENDS INC,COM,17306X102,1354000,27255,SH, ,DFND,2020-12-31
217,CITIGROUP INC,COM NEW,172967424,54347000,881400,SH, ,DFND,2020-12-31
218,CITIGROUP INC,COM NEW,172967424,12332000,200000,SH,Call,DFND,2020-12-31
219,CLARIVATE PLC,ORD SHS,G21810109,9430000,317407,SH, ,DFND,2020-12-31
220,CLEANSPARK INC,COM NEW,18452B209,1720000,59200,SH, ,DFND,2020-12-31
221,CLOUDFLARE INC,CL A COM,18915M107,20175000,265500,SH, ,DFND,2020-12-31
222,CLOVIS ONCOLOGY INC,COM,189464100,8653000,1802756,SH, ,DFND,2020-12-31
223,CM LIFE SCIENCES INC,*W EXP 09/04/202,18978W117,273000,100000,SH, ,DFND,2020-12-31
224,CMC MATERIALS INC,COM,12571T100,88662000,586000,SH, ,DFND,2020-12-31
225,CME GROUP INC,COM,12572Q105,10929000,60032,SH, ,DFND,2020-12-31
226,CMS ENERGY CORP,COM,125896100,17504000,286908,SH, ,DFND,2020-12-31
227,CNX RES CORP,COM,12653C108,1537000,142300,SH, ,DFND,2020-12-31
228,COCA COLA CO,COM,191216100,39750000,724829,SH, ,DFND,2020-12-31
229,COCA COLA EUROPEAN PARTNERS,SHS,G25839104,23975000,481128,SH, ,DFND,2020-12-31
230,COCRYSTAL PHARMA INC,COM,19188J300,1360000,1000000,SH, ,DFND,2020-12-31
231,COGENT BIOSCIENCES INC,COM,19240Q201,4548000,405000,SH, ,DFND,2020-12-31
232,COGNIZANT TECHNOLOGY SOLUTIO,CL A,192446102,16742000,204300,SH, ,DFND,2020-12-31
233,COHN ROBBINS HOLDINGS CORP,UNIT 08/11/2025,G23726121,3763000,350000,SH, ,DFND,2020-12-31
234,COLONY CAP INC NEW,CL A COM,19626G108,8794000,1828229,SH, ,DFND,2020-12-31
235,COMCAST CORP NEW,CL A,20030N101,57256000,1092664,SH, ,DFND,2020-12-31
236,COMMSCOPE HLDG CO INC,COM,20337X109,2739000,204400,SH, ,DFND,2020-12-31
237,COMMVAULT SYSTEMS INC,COM,204166102,7986000,144228,SH, ,DFND,2020-12-31
238,CONCERT PHARMACEUTICALS INC,COM,206022105,11297000,893741,SH, ,DFND,2020-12-31
239,CONMED CORP,COM,207410101,6558000,58556,SH, ,DFND,2020-12-31
240,CONOCOPHILLIPS,COM,20825C104,66373000,1659744,SH, ,DFND,2020-12-31
241,CONSTELLATION PHARMCETICLS I,COM,210373106,5750000,199665,SH, ,DFND,2020-12-31
242,CONTEXTLOGIC INC,COM CL A,21077C107,1368000,75000,SH, ,DFND,2020-12-31
243,CONTINENTAL RES INC,COM,212015101,13909000,853283,SH, ,DFND,2020-12-31
244,CONX CORP,UNIT 10/30/2027,212873202,2613000,250000,SH, ,DFND,2020-12-31
245,COOPER COS INC,COM NEW,216648402,21713000,59763,SH, ,DFND,2020-12-31
246,COOPER TIRE & RUBR CO,COM,216831107,9794000,241832,SH, ,DFND,2020-12-31
247,COPA HOLDINGS SA,CL A,P31076105,9736000,126070,SH, ,DFND,2020-12-31
248,COPART INC,COM,217204106,68715000,539997,SH, ,DFND,2020-12-31
249,COSTAR GROUP INC,COM,22160N109,30595000,33101,SH, ,DFND,2020-12-31
250,CRACKER BARREL OLD CTRY STOR,COM,22410J106,3377000,25600,SH, ,DFND,2020-12-31
251,CRINETICS PHARMACEUTICALS IN,COM,22663K107,17285000,1225003,SH, ,DFND,2020-12-31
252,CRITEO S A,SPONS ADS,226718104,2767000,134900,SH, ,DFND,2020-12-31
253,CROWDSTRIKE HLDGS INC,CL A,22788C105,89938000,424597,SH, ,DFND,2020-12-31
254,CROWN HLDGS INC,COM,228368106,70772000,706306,SH, ,DFND,2020-12-31
255,CSX CORP,COM,126408103,19912000,219421,SH, ,DFND,2020-12-31
256,CURIS INC,COM NEW,231269200,24161000,2950000,SH, ,DFND,2020-12-31
257,CURTISS WRIGHT CORP,COM,231561101,2909000,25000,SH, ,DFND,2020-12-31
258,CVR ENERGY INC,COM,12662P108,408000,27400,SH, ,DFND,2020-12-31
259,CVS HEALTH CORP,COM,126650100,14685000,215000,SH, ,DFND,2020-12-31
260,CYBERARK SOFTWARE LTD,SHS,M2682V108,50340000,311530,SH, ,DFND,2020-12-31
261,CYRUSONE INC,COM,23283R100,805000,11000,SH, ,DFND,2020-12-31
262,CYTOKINETICS INC,COM NEW,23282W605,24236000,1166294,SH, ,DFND,2020-12-31
263,CYTOMX THERAPEUTICS INC,COM,23284F105,819000,125000,SH, ,DFND,2020-12-31
264,DANAHER CORPORATION,COM,235851102,97900000,440712,SH, ,DFND,2020-12-31
265,DARDEN RESTAURANTS INC,COM,237194105,100883000,846903,SH, ,DFND,2020-12-31
266,DARLING INGREDIENTS INC,COM,237266101,16021000,277755,SH, ,DFND,2020-12-31
267,DAVE & BUSTERS ENTMT INC,COM,238337109,24756000,824644,SH, ,DFND,2020-12-31
268,DECKERS OUTDOOR CORP,COM,243537107,53780000,187532,SH, ,DFND,2020-12-31
269,DEERFIELD HEALTHCARE TECH AC,COM CL A,244413100,1092000,70000,SH, ,DFND,2020-12-31
270,DELEK US HLDGS INC NEW,COM,24665A103,1559000,97000,SH, ,DFND,2020-12-31
271,DELL TECHNOLOGIES INC,CL C,24703L202,200279000,2732693,SH, ,DFND,2020-12-31
272,DELTA AIR LINES INC DEL,COM NEW,247361702,22742000,565583,SH, ,DFND,2020-12-31
273,DENBURY INC,COM,24790A101,4465000,173800,SH, ,DFND,2020-12-31
274,DESIGNER BRANDS INC,CL A,250565108,90000,11700,SH, ,DFND,2020-12-31
275,DEVON ENERGY CORP NEW,COM,25179M103,23818000,1506533,SH, ,DFND,2020-12-31
276,DEXCOM INC,COM,252131107,74536000,201600,SH, ,DFND,2020-12-31
277,DIAMEDICA THERAPEUTICS INC,COM NEW,25253X207,8112000,800000,SH, ,DFND,2020-12-31
278,DICERNA PHARMACEUTICALS INC,COM,253031108,52128000,2366225,SH, ,DFND,2020-12-31
279,DIEBOLD NXDF INC,COM,253651103,847000,79500,SH, ,DFND,2020-12-31
280,DILLARDS INC,CL A,254067101,990000,15700,SH, ,DFND,2020-12-31
281,DISCOVER FINL SVCS,COM,254709108,23610000,260800,SH, ,DFND,2020-12-31
282,DISNEY WALT CO,COM,254687106,88796000,490101,SH, ,DFND,2020-12-31
283,DIVERSIFIED HEALTHCARE TR,COM SH BEN INT,25525P107,4099000,994811,SH, ,DFND,2020-12-31
284,DMY TECHNOLOGY GROUP INC II,COM CL A,233277102,6454000,366911,SH, ,DFND,2020-12-31
285,DMY TECHNOLOGY GROUP INC III,UNIT 99/99/9999,233278209,4560000,400000,SH, ,DFND,2020-12-31
286,DOCUSIGN INC,COM,256163106,20118000,90500,SH, ,DFND,2020-12-31
287,DOLBY LABORATORIES INC,COM CL A,25659T107,19509000,200859,SH, ,DFND,2020-12-31
288,DOLLAR GEN CORP NEW,COM,256677105,31993000,152129,SH, ,DFND,2020-12-31
289,DOLLAR TREE INC,COM,256746108,3070000,28415,SH, ,DFND,2020-12-31
290,DOMINION ENERGY INC,COM,25746U109,83577000,1111394,SH, ,DFND,2020-12-31
291,DOMINOS PIZZA INC,COM,25754A201,941000,2453,SH, ,DFND,2020-12-31
292,DOMTAR CORP,COM NEW,257559203,4654000,147041,SH, ,DFND,2020-12-31
293,DOVER CORP,COM,260003108,22094000,175000,SH, ,DFND,2020-12-31
294,DPCM CAP INC,UNIT 99/99/9999,23344P200,1102000,100000,SH, ,DFND,2020-12-31
295,DRAGONEER GROWTH OPPORTUN CO,COM CL A,G28302100,8294000,625000,SH, ,DFND,2020-12-31
296,DRAGONEER GROWTH OPPORTUN CO,UNIT 08/18/2027,G28302126,700000,50000,SH, ,DFND,2020-12-31
297,DRAGONEER GROWTH OPPTY CORP,SHS CL A,G28314105,971000,85000,SH, ,DFND,2020-12-31
298,DUKE ENERGY CORP NEW,COM NEW,26441C204,49768000,543554,SH, ,DFND,2020-12-31
299,DUPONT DE NEMOURS INC,COM,26614N102,29374000,413082,SH, ,DFND,2020-12-31
300,DXC TECHNOLOGY CO,COM,23355L106,78223000,3037770,SH, ,DFND,2020-12-31
301,DYNATRACE INC,COM NEW,268150109,1502000,34702,SH, ,DFND,2020-12-31
302,E L F BEAUTY INC,COM,26856L103,680000,27000,SH, ,DFND,2020-12-31
303,EAGLE MATLS INC,COM,26969P108,7622000,75200,SH, ,DFND,2020-12-31
304,EDISON INTL,COM,281020107,3029000,48224,SH, ,DFND,2020-12-31
305,EL POLLO LOCO HLDGS INC,COM,268603107,507000,28000,SH, ,DFND,2020-12-31
306,ELANCO ANIMAL HEALTH INC,COM,28414H103,34948000,1139500,SH, ,DFND,2020-12-31
307,ELASTIC N V,ORD SHS,N14506104,54628000,373832,SH, ,DFND,2020-12-31
308,EMERGENT BIOSOLUTIONS INC,COM,29089Q105,4987000,55661,SH, ,DFND,2020-12-31
309,ENCOMPASS HEALTH CORP,COM,29261A100,8757000,105900,SH, ,DFND,2020-12-31
310,ENDO INTL PLC,SHS,G30401106,4487000,624900,SH, ,DFND,2020-12-31
311,ENERGIZER HLDGS INC NEW,COM,29272W109,8137000,192900,SH, ,DFND,2020-12-31
312,ENERPLUS CORP,COM,292766102,3593000,1150000,SH, ,DFND,2020-12-31
313,ENPHASE ENERGY INC,COM,29355A107,27277000,155451,SH, ,DFND,2020-12-31
314,ENTERGY CORP NEW,COM,29364G103,42355000,424229,SH, ,DFND,2020-12-31
315,EOG RES INC,COM,26875P101,4239000,85000,SH,Call,DFND,2020-12-31
316,EQT CORP,COM,26884L109,11649000,916507,SH, ,DFND,2020-12-31
317,EQT CORP,COM,26884L109,2542000,200000,SH,Call,DFND,2020-12-31
318,EQUINOR ASA,SPONSORED ADR,29446M102,27347000,1665447,SH, ,DFND,2020-12-31
319,EQUITABLE HLDGS INC,COM,29452E101,51346000,2006500,SH, ,DFND,2020-12-31
320,EQUITRANS MIDSTREAM CORP,COM,294600101,5109000,635400,SH, ,DFND,2020-12-31
321,EQUITY LIFESTYLE PPTYS INC,COM,29472R108,1147000,18100,SH, ,DFND,2020-12-31
322,ESSENT GROUP LTD,COM,G3198U102,1456000,33700,SH, ,DFND,2020-12-31
323,ETSY INC,COM,29786A106,10675000,60000,SH,Put,DFND,2020-12-31
324,EVEREST RE GROUP LTD,COM,G3223R108,7023000,30000,SH, ,DFND,2020-12-31
325,EVERGY INC,COM,30034W106,10954000,197334,SH, ,DFND,2020-12-31
326,EVOLENT HEALTH INC,CL A,30050B101,12385000,772627,SH, ,DFND,2020-12-31
327,EXECUTIVE NETWORK PARTNERING,UNIT 99/99/9999,30158L209,2549000,100000,SH, ,DFND,2020-12-31
328,EXELIXIS INC,COM,30161Q104,67694000,3372900,SH, ,DFND,2020-12-31
329,EXELON CORP,COM,30161N101,7896000,187026,SH, ,DFND,2020-12-31
330,EXXON MOBIL CORP,COM,30231G102,33331000,808616,SH, ,DFND,2020-12-31
331,EXXON MOBIL CORP,COM,30231G102,1855000,45000,SH,Call,DFND,2020-12-31
332,FACEBOOK INC,CL A,30303M102,309497000,1133025,SH, ,DFND,2020-12-31
333,FACEBOOK INC,CL A,30303M102,44389000,162500,SH,Call,DFND,2020-12-31
334,FAIR ISAAC CORP,COM,303250104,15393000,30120,SH, ,DFND,2020-12-31
335,FALCON CAPITAL ACQUISITN COR,UNIT 08/20/2027,30606L207,3738000,350000,SH, ,DFND,2020-12-31
336,FARFETCH LTD,ORD SH CL A,30744W107,396000,6200,SH, ,DFND,2020-12-31
337,FBL FINL GROUP INC,CL A,30239F106,4243000,80800,SH, ,DFND,2020-12-31
338,FEDERATED HERMES INC,CL B,314211103,12532000,433792,SH, ,DFND,2020-12-31
339,FG NEW AMER ACQUISITION CORP,COM,30259V106,3563000,350000,SH, ,DFND,2020-12-31
340,FG NEW AMER ACQUISITION CORP,UNIT 08/31/2027,30259V205,3717000,350000,SH, ,DFND,2020-12-31
341,FIDELITY NATIONAL FINANCIAL,FNF GROUP COM,31620R303,29848000,763579,SH, ,DFND,2020-12-31
342,FIDELITY NATL INFORMATION SV,COM,31620M106,84566000,597808,SH, ,DFND,2020-12-31
343,FIFTH THIRD BANCORP,COM,316773100,3510000,127300,SH, ,DFND,2020-12-31
344,FIREEYE INC,COM,31816Q101,1791000,77665,SH, ,DFND,2020-12-31
345,FIRST AMERN FINL CORP,COM,31847R102,5000,100,SH, ,DFND,2020-12-31
346,FIRST BANCORP P R,COM NEW,318672706,23024000,2497166,SH, ,DFND,2020-12-31
347,FISERV INC,COM,337738108,100068000,878871,SH, ,DFND,2020-12-31
348,FISKER INC,CL A COM STK,33813J106,2354000,160700,SH, ,DFND,2020-12-31
349,FIVE BELOW INC,COM,33829M101,19406000,110905,SH, ,DFND,2020-12-31
350,FIVE9 INC,COM,338307101,126963000,728000,SH, ,DFND,2020-12-31
351,FLAGSTAR BANCORP INC,COM PAR .001,337930705,16724000,410300,SH, ,DFND,2020-12-31
352,FLEX LTD,ORD,Y2573F102,6306000,350700,SH, ,DFND,2020-12-31
353,FLY LEASING LTD,SPONSORED ADR,34407D109,1970000,200000,SH, ,DFND,2020-12-31
354,FMC CORP,COM NEW,302491303,11493000,100000,SH, ,DFND,2020-12-31
355,FOLEY TRASIMENE ACQUISITION,COM CL A,344328109,32770000,2170204,SH, ,DFND,2020-12-31
356,FORTE BIOSCIENCES INC,COM,34962G109,3095000,85000,SH, ,DFND,2020-12-31
357,FORTIS INC,COM,349553107,9388000,230000,SH, ,DFND,2020-12-31
358,FRESHPET INC,COM,358039105,2428000,17100,SH, ,DFND,2020-12-31
359,FS DEV CORP,COM CL A,303020101,825000,75000,SH, ,DFND,2020-12-31
360,FUBOTV INC,COM,35953D104,6059000,216400,SH,Put,DFND,2020-12-31
361,FULCRUM THERAPEUTICS INC,COM,359616109,15669000,1338123,SH, ,DFND,2020-12-31
362,FUNKO INC,COM CL A,361008105,1800000,173399,SH, ,DFND,2020-12-31
363,FUSION PHARMACEUTICALS INC,COM,36118A100,6463000,550000,SH, ,DFND,2020-12-31
364,G III APPAREL GROUP LTD,COM,36237H101,2054000,86527,SH, ,DFND,2020-12-31
365,G1 THERAPEUTICS INC,COM,3621LQ109,130000,7200,SH, ,DFND,2020-12-31
366,GALAPAGOS NV,SPON ADR,36315X101,25656000,259200,SH, ,DFND,2020-12-31
367,GALLAGHER ARTHUR J & CO,COM,363576109,3056000,24700,SH, ,DFND,2020-12-31
368,GAN LTD,ORD SHS,G3728V109,1823000,89884,SH, ,DFND,2020-12-31
369,GAP INC,COM,364760108,33314000,1650016,SH, ,DFND,2020-12-31
370,GCM GROSVENOR INC,COM CL A,36831E108,4529000,340000,SH, ,DFND,2020-12-31
371,GDS HLDGS LTD,SPONSORED ADS,36165L108,412000,4400,SH, ,DFND,2020-12-31
372,GENERAC HLDGS INC,COM,368736104,45720000,201048,SH, ,DFND,2020-12-31
373,GENERAL ELECTRIC CO,COM,369604103,13883000,1285480,SH, ,DFND,2020-12-31
374,GENERAL MTRS CO,COM,37045V100,37320000,896247,SH, ,DFND,2020-12-31
375,GENTEX CORP,COM,371901109,32358000,953660,SH, ,DFND,2020-12-31
376,GEO GROUP INC NEW,COM,36162J106,886000,100000,SH,Call,DFND,2020-12-31
377,GILEAD SCIENCES INC,COM,375558103,35663000,612143,SH, ,DFND,2020-12-31
378,GLAXOSMITHKLINE PLC,SPONSORED ADR,37733W105,9384000,255000,SH, ,DFND,2020-12-31
379,GLOBAL BLOOD THERAPEUTICS IN,COM,37890U108,2282000,52680,SH, ,DFND,2020-12-31
380,GLOBAL PMTS INC,COM,37940X102,12433000,57715,SH, ,DFND,2020-12-31
381,GLOBUS MED INC,CL A,379577208,16214000,248600,SH, ,DFND,2020-12-31
382,GODADDY INC,CL A,380237107,2598000,31322,SH, ,DFND,2020-12-31
383,GOHEALTH INC,COM CL A,38046W105,525000,38401,SH, ,DFND,2020-12-31
384,GOLAR LNG LTD,SHS,G9456A100,9231000,957600,SH, ,DFND,2020-12-31
385,GOLDEN FALCON ACQUISITION CO,UNIT 99/99/9999,38102H208,2600000,250000,SH, ,DFND,2020-12-31
386,GOPRO INC,CL A,38268T103,900000,108700,SH, ,DFND,2020-12-31
387,GRAFTECH INTL LTD,COM,384313508,7510000,704500,SH, ,DFND,2020-12-31
388,GRAINGER W W INC,COM,384802104,11904000,29153,SH, ,DFND,2020-12-31
389,GROWGENERATION CORP,COM,39986L109,16875000,419566,SH, ,DFND,2020-12-31
390,GROWGENERATION CORP,COM,39986L109,4022000,100000,SH,Call,DFND,2020-12-31
391,GRUBHUB INC,COM,400110102,2042000,27500,SH, ,DFND,2020-12-31
392,GUARDANT HEALTH INC,COM,40131M109,4686000,36360,SH, ,DFND,2020-12-31
393,GUESS INC,COM,401617105,561000,24800,SH, ,DFND,2020-12-31
394,HAEMONETICS CORP,COM,405024100,33301000,280432,SH, ,DFND,2020-12-31
395,HALLIBURTON CO,COM,406216101,3607000,190842,SH, ,DFND,2020-12-31
396,HALOZYME THERAPEUTICS INC,COM,40637H109,1772000,41500,SH, ,DFND,2020-12-31
397,HARPOON THERAPEUTICS INC,COM,41358P106,1661000,100000,SH, ,DFND,2020-12-31
398,HARTFORD FINL SVCS GROUP INC,COM,416515104,13621000,278100,SH, ,DFND,2020-12-31
399,HCA HEALTHCARE INC,COM,40412C101,34877000,212067,SH, ,DFND,2020-12-31
400,HEALTH CATALYST INC,COM,42225T107,14034000,322388,SH, ,DFND,2020-12-31
401,HEALTHCARE SERVICES ACQU COR,UNIT 11/18/2023,42227K203,1533000,150000,SH, ,DFND,2020-12-31
402,HEICO CORP NEW,COM,422806109,13099000,98937,SH, ,DFND,2020-12-31
403,HELEN OF TROY LTD,COM,G4388N106,5444000,24503,SH, ,DFND,2020-12-31
404,HELIX ACQUISITION CORP,COM CL A,G4444C102,796000,70000,SH, ,DFND,2020-12-31
405,HERBALIFE NUTRITION LTD,COM SHS,G4412G101,14124000,293953,SH, ,DFND,2020-12-31
406,HERON THERAPEUTICS INC,COM,427746102,2336000,110382,SH, ,DFND,2020-12-31
407,HERSHEY CO,COM,427866108,24827000,162980,SH, ,DFND,2020-12-31
408,HESKA CORP,COM RESTRC NEW,42805E306,11944000,82008,SH, ,DFND,2020-12-31
409,HEWLETT PACKARD ENTERPRISE C,COM,42824C109,4885000,412237,SH, ,DFND,2020-12-31
410,HEXCEL CORP NEW,COM,428291108,19893000,410246,SH, ,DFND,2020-12-31
411,HIGHLAND TRANSCEND PARTNERS,UNIT 99/99/9999,G44690116,2625000,250000,SH, ,DFND,2020-12-31
412,HILL ROM HLDGS INC,COM,431475102,43128000,440216,SH, ,DFND,2020-12-31
413,HILTON WORLDWIDE HLDGS INC,COM,43300A203,76677000,689170,SH, ,DFND,2020-12-31
414,HOME DEPOT INC,COM,437076102,27178000,102319,SH, ,DFND,2020-12-31
415,HOST HOTELS & RESORTS INC,COM,44107P104,2217000,151559,SH, ,DFND,2020-12-31
416,HOWMET AEROSPACE INC,COM,443201108,5867000,205587,SH, ,DFND,2020-12-31
417,HUB GROUP INC,CL A,443320106,3032000,53200,SH, ,DFND,2020-12-31
418,HUBSPOT INC,COM,443573100,15659000,39500,SH, ,DFND,2020-12-31
419,HUMANA INC,COM,444859102,34381000,83800,SH, ,DFND,2020-12-31
420,HUMANCO ACQUISITION CORP,UNIT 12/08/2023,44487N208,5487000,497900,SH, ,DFND,2020-12-31
421,HYATT HOTELS CORP,COM CL A,448579102,16505000,222290,SH, ,DFND,2020-12-31
422,HYDROFARM HLDGS GROUP INC,COM,44888K209,2629000,50000,SH, ,DFND,2020-12-31
423,ICHOR HOLDINGS,SHS,G4740B105,8278000,274600,SH, ,DFND,2020-12-31
424,IDEAYA BIOSCIENCES INC,COM,45166A102,15556000,1111111,SH, ,DFND,2020-12-31
425,IMMERSION CORP,COM,452521107,219000,19400,SH, ,DFND,2020-12-31
426,IMMUNIC INC,COM,4525EP101,3127000,204500,SH, ,DFND,2020-12-31
427,IMMUNOVANT INC,COM,45258J102,11935000,258400,SH, ,DFND,2020-12-31
428,IMPERIAL OIL LTD,COM NEW,453038408,7396000,390000,SH, ,DFND,2020-12-31
429,INARI MED INC,COM,45332Y109,38133000,436851,SH, ,DFND,2020-12-31
430,INCYTE CORP,COM,45337C102,42420000,487700,SH, ,DFND,2020-12-31
431,ING GROEP N.V.,SPONSORED ADR,456837103,393000,41600,SH, ,DFND,2020-12-31
432,INMODE LTD,SHS,M5425M103,11441000,240962,SH, ,DFND,2020-12-31
433,INOGEN INC,COM,45780L104,7118000,159300,SH, ,DFND,2020-12-31
434,INOVALON HLDGS INC,COM CL A,45781D101,7700000,423769,SH, ,DFND,2020-12-31
435,INSMED INC,COM PAR $.01,457669307,9325000,280101,SH, ,DFND,2020-12-31
436,INSPIRE MED SYS INC,COM,457730109,846000,4500,SH, ,DFND,2020-12-31
437,INSULET CORP,COM,45784P101,26018000,101778,SH, ,DFND,2020-12-31
438,INTEL CORP,COM,458140100,1140000,22880,SH, ,DFND,2020-12-31
439,INTELLIA THERAPEUTICS INC,COM,45826J105,7915000,145500,SH, ,DFND,2020-12-31
440,INTERCONTINENTAL EXCHANGE IN,COM,45866F104,46370000,402200,SH, ,DFND,2020-12-31
441,INTERNATIONAL BANCSHARES COR,COM,459044103,112000,3000,SH, ,DFND,2020-12-31
442,INTUIT,COM,461202103,26225000,69040,SH, ,DFND,2020-12-31
443,INVACARE CORP,COM,461203101,3238000,361786,SH, ,DFND,2020-12-31
444,INVENTIVA SA,ADS,46124U107,602000,41489,SH, ,DFND,2020-12-31
445,IONIS PHARMACEUTICALS INC,COM,462222100,22752000,402400,SH, ,DFND,2020-12-31
446,IQVIA HLDGS INC,COM,46266C105,83199000,464358,SH, ,DFND,2020-12-31
447,IROBOT CORP,COM,462726100,6805000,84750,SH, ,DFND,2020-12-31
448,IRONWOOD PHARMACEUTICALS INC,COM CL A,46333X108,7063000,620139,SH, ,DFND,2020-12-31
449,ISHARES INC,MSCI MEXICO ETF,464286822,1290000,30000,SH, ,DFND,2020-12-31
450,ISHARES TR,20 YR TR BD ETF,464287432,22398000,142000,SH,Put,DFND,2020-12-31
451,ISHARES TR,GL CLEAN ENE ETF,464288224,2542000,90000,SH, ,DFND,2020-12-31
452,ISHARES TR,IBOXX INV CP ETF,464287242,34643000,250800,SH,Put,DFND,2020-12-31
453,ISHARES TR,ISHS 1-5YR INVS,464288646,25176000,456327,SH, ,DFND,2020-12-31
454,ISHARES TR,MSCI EMG MKT ETF,464287234,6552000,126800,SH, ,DFND,2020-12-31
455,JABIL INC,COM,466313103,106759000,2510200,SH, ,DFND,2020-12-31
456,JAMES RIV GROUP LTD,COM,G5005R107,762000,15500,SH, ,DFND,2020-12-31
457,JAWS ACQUISITION CORP,SHS,G50744104,5551000,413913,SH, ,DFND,2020-12-31
458,JD.COM INC,SPON ADR CL A,47215P106,182111000,2071802,SH, ,DFND,2020-12-31
459,JD.COM INC,SPON ADR CL A,47215P106,19778000,225000,SH,Call,DFND,2020-12-31
460,JELD-WEN HLDG INC,COM,47580P103,2140000,84400,SH, ,DFND,2020-12-31
461,JFROG LTD,ORD SHS,M6191J100,3839000,61100,SH, ,DFND,2020-12-31
462,JINKOSOLAR HLDG CO LTD,SPONSORED ADR,47759T100,3390000,54800,SH, ,DFND,2020-12-31
463,JOYY INC,ADS REPSTG COM A,46591M109,5119000,64000,SH, ,DFND,2020-12-31
464,JPMORGAN CHASE & CO,COM,46625H100,38007000,299100,SH, ,DFND,2020-12-31
465,KADMON HLDGS INC,COM,48283N106,32609000,7857700,SH, ,DFND,2020-12-31
466,KAISER ALUMINUM CORP,COM PAR $0.01,483007704,4356000,44049,SH, ,DFND,2020-12-31
467,KANSAS CITY SOUTHERN,COM NEW,485170302,65883000,322748,SH, ,DFND,2020-12-31
468,KEROS THERAPEUTICS INC,COM,492327101,15081000,213800,SH, ,DFND,2020-12-31
469,KEURIG DR PEPPER INC,COM,49271V100,18548000,579616,SH, ,DFND,2020-12-31
470,KIMCO RLTY CORP,COM,49446R109,1630000,108600,SH, ,DFND,2020-12-31
471,KNOWLES CORP,COM,49926D109,4972000,269800,SH, ,DFND,2020-12-31
472,KRYSTAL BIOTECH INC,COM,501147102,30000000,500000,SH, ,DFND,2020-12-31
473,KULICKE & SOFFA INDS INC,COM,501242101,1107000,34800,SH, ,DFND,2020-12-31
474,L BRANDS INC,COM,501797104,127618000,3431522,SH, ,DFND,2020-12-31
475,L BRANDS INC,COM,501797104,6508000,175000,SH,Call,DFND,2020-12-31
476,L BRANDS INC,COM,501797104,4396000,118200,SH,Put,DFND,2020-12-31
477,LABORATORY CORP AMER HLDGS,COM NEW,50540R409,21230000,104300,SH, ,DFND,2020-12-31
478,LAMAR ADVERTISING CO NEW,CL A,512816109,11235000,135000,SH, ,DFND,2020-12-31
479,LAMB WESTON HLDGS INC,COM,513272104,38501000,488970,SH, ,DFND,2020-12-31
480,LANDS END INC NEW,COM,51509F105,554000,25700,SH, ,DFND,2020-12-31
481,LARIMAR THERAPEUTICS INC,COM,517125100,370000,17260,SH, ,DFND,2020-12-31
482,LAS VEGAS SANDS CORP,COM,517834107,179709000,3015254,SH, ,DFND,2020-12-31
483,LAS VEGAS SANDS CORP,COM,517834107,22022000,369500,SH,Call,DFND,2020-12-31
484,LAUDER ESTEE COS INC,CL A,518439104,36522000,137201,SH, ,DFND,2020-12-31
485,LEAR CORP,COM NEW,521865204,3337000,20981,SH, ,DFND,2020-12-31
486,LENNOX INTL INC,COM,526107107,4590000,16755,SH, ,DFND,2020-12-31
487,LIBERTY BROADBAND CORP,COM SER C,530307305,14610000,92250,SH, ,DFND,2020-12-31
488,LIBERTY GLOBAL PLC,SHS CL A,G5480U104,1676000,69218,SH, ,DFND,2020-12-31
489,LILLY ELI & CO,COM,532457108,141336000,837100,SH, ,DFND,2020-12-31
490,LINDE PLC,SHS,G5494J103,42162000,160000,SH, ,DFND,2020-12-31
491,LPL FINL HLDGS INC,COM,50212V100,125000,1200,SH, ,DFND,2020-12-31
492,LULULEMON ATHLETICA INC,COM,550021109,25524000,73339,SH, ,DFND,2020-12-31
493,LUMENTUM HLDGS INC,COM,55024U109,29862000,315000,SH, ,DFND,2020-12-31
494,LYFT INC,CL A COM,55087P104,17385000,353850,SH, ,DFND,2020-12-31
495,MACROGENICS INC,COM,556099109,33379000,1460133,SH, ,DFND,2020-12-31
496,MADISON SQUARE GRDN SPRT COR,CL A,55825T103,16830000,91420,SH, ,DFND,2020-12-31
497,MAGELLAN HEALTH INC,COM NEW,559079207,53258000,642900,SH, ,DFND,2020-12-31
498,MAGNA INTL INC,COM,559222401,14574000,205868,SH, ,DFND,2020-12-31
499,MAGNACHIP SEMICONDUCTOR CORP,COM,55933J203,15843000,1171800,SH, ,DFND,2020-12-31
500,MANPOWERGROUP INC,COM,56418H100,3580000,39700,SH, ,DFND,2020-12-31
501,MARATHON PETE CORP,COM,56585A102,47042000,1137388,SH, ,DFND,2020-12-31
502,MARAVAI LIFESCIENCES HLDGS I,COM CL A,56600D107,13853000,493883,SH, ,DFND,2020-12-31
503,MARKEL CORP,COM,570535104,24286000,23503,SH, ,DFND,2020-12-31
504,MARKETAXESS HLDGS INC,COM,57060D108,21624000,37900,SH, ,DFND,2020-12-31
505,MASTERCARD INCORPORATED,CL A,57636Q104,105802000,296414,SH, ,DFND,2020-12-31
506,MATCH GROUP INC NEW,COM,57667L107,9328000,61695,SH, ,DFND,2020-12-31
507,MATTEL INC,COM,577081102,16522000,946828,SH, ,DFND,2020-12-31
508,MCAFEE CORP,COM CL A,579063108,564000,33800,SH, ,DFND,2020-12-31
509,MCKESSON CORP,COM,58155Q103,42808000,246137,SH, ,DFND,2020-12-31
510,MEDPACE HLDGS INC,COM,58506Q109,8163000,58639,SH, ,DFND,2020-12-31
511,MEDTECH ACQUISITION CORP,UNIT 12/18/2025,58507N204,6300000,600000,SH, ,DFND,2020-12-31
512,MEDTRONIC PLC,SHS,G5960L103,1227000,10474,SH, ,DFND,2020-12-31
513,MEI PHARMA INC,COM NEW,55279B202,3696000,1400000,SH, ,DFND,2020-12-31
514,MELCO RESORTS AND ENTMNT LTD,ADR,585464100,7580000,408650,SH, ,DFND,2020-12-31
515,MERCADOLIBRE INC,COM,58733R102,21376000,12760,SH, ,DFND,2020-12-31
516,MERCK & CO. INC,COM,58933Y105,131983000,1613488,SH, ,DFND,2020-12-31
517,MERSANA THERAPEUTICS INC,COM,59045L106,24534000,922000,SH, ,DFND,2020-12-31
518,METHANEX CORP,COM,59151K108,8612000,186887,SH, ,DFND,2020-12-31
519,MGIC INVT CORP WIS,COM,552848103,1434000,114300,SH, ,DFND,2020-12-31
520,MGM RESORTS INTERNATIONAL,COM,552953101,19710000,625519,SH, ,DFND,2020-12-31
521,MICROCHIP TECHNOLOGY INC.,COM,595017104,145092000,1050556,SH, ,DFND,2020-12-31
522,MICRON TECHNOLOGY INC,COM,595112103,195367000,2598650,SH, ,DFND,2020-12-31
523,MICROSOFT CORP,COM,594918104,229221000,1030579,SH, ,DFND,2020-12-31
524,MICROSOFT CORP,COM,594918104,22242000,100000,SH,Call,DFND,2020-12-31
525,MINISO GROUP HLDG LTD,SPONSORED ADS,66981J102,10522000,398700,SH, ,DFND,2020-12-31
526,MIRAGEN THERAPEUTICS INC,COM NEW,60463E202,7010000,426162,SH, ,DFND,2020-12-31
527,MIRATI THERAPEUTICS INC,COM,60468T105,47324000,215463,SH, ,DFND,2020-12-31
528,MKS INSTRS INC,COM,55306N104,8424000,55992,SH, ,DFND,2020-12-31
529,MODERNA INC,COM,60770K107,36565000,350000,SH,Put,DFND,2020-12-31
530,MOELIS & CO,CL A,60786M105,4185000,89500,SH, ,DFND,2020-12-31
531,MOHAWK INDS INC,COM,608190104,16029000,113722,SH, ,DFND,2020-12-31
532,MONDELEZ INTL INC,CL A,609207105,41725000,713612,SH, ,DFND,2020-12-31
533,MONEYGRAM INTL INC,COM NEW,60935Y208,12444000,2277000,SH, ,DFND,2020-12-31
534,MONGODB INC,CL A,60937P106,25205000,70200,SH, ,DFND,2020-12-31
535,MONOLITHIC PWR SYS INC,COM,609839105,1978000,5400,SH, ,DFND,2020-12-31
536,MONSTER BEVERAGE CORP NEW,COM,61174X109,84379000,912406,SH, ,DFND,2020-12-31
537,MORGAN STANLEY,COM NEW,617446448,10965000,160000,SH, ,DFND,2020-12-31
538,MORPHIC HLDG INC,COM,61775R105,12078000,360000,SH, ,DFND,2020-12-31
539,MOTIVE CAPITAL CORP,UNIT 99/99/9999,G6293A129,2635000,250000,SH, ,DFND,2020-12-31
540,MP MATERIALS CORP,COM CL A,553368101,26215000,814900,SH, ,DFND,2020-12-31
541,MURPHY OIL CORP,COM,626717102,4164000,344156,SH, ,DFND,2020-12-31
542,MYRIAD GENETICS INC,COM,62855J104,7299000,369108,SH, ,DFND,2020-12-31
543,NANOSTRING TECHNOLOGIES INC,COM,63009R109,12989000,194218,SH, ,DFND,2020-12-31
544,NASDAQ INC,COM,631103108,7301000,55000,SH, ,DFND,2020-12-31
545,NATERA INC,COM,632307104,3707000,37250,SH, ,DFND,2020-12-31
546,NAVIENT CORPORATION,COM,63938C108,1041000,106000,SH, ,DFND,2020-12-31
547,NCINO INC,COM,63947U107,9956000,137500,SH, ,DFND,2020-12-31
548,NCR CORP NEW,COM,62886E108,41259000,1098200,SH, ,DFND,2020-12-31
549,NEBULA CARAVEL ACQUISITION C,UNIT 12/09/2023,629070202,2691000,249200,SH, ,DFND,2020-12-31
550,NEOLEUKIN THERAPEUTICS INC,COM,64049K104,16860000,1195725,SH, ,DFND,2020-12-31
551,NETFLIX INC,COM,64110L106,60475000,111840,SH, ,DFND,2020-12-31
552,NEUROCRINE BIOSCIENCES INC,COM,64125C109,2174000,22679,SH, ,DFND,2020-12-31
553,NEW JERSEY RES CORP,COM,646025106,3401000,95678,SH, ,DFND,2020-12-31
554,NEW ORIENTAL ED & TECHNOLOGY,SPON ADR,647581107,2843000,15300,SH, ,DFND,2020-12-31
555,NEW YORK CMNTY BANCORP INC,COM,649445103,11657000,1104900,SH, ,DFND,2020-12-31
556,NEXSTAR MEDIA GROUP INC,CL A,65336K103,14346000,131390,SH, ,DFND,2020-12-31
557,NEXTERA ENERGY INC,COM,65339F101,38569000,499926,SH, ,DFND,2020-12-31
558,NGM BIOPHARMACEUTICALS INC,COM,62921N105,53354000,1761157,SH, ,DFND,2020-12-31
559,NICE LTD,SPONSORED ADR,653656108,102386000,361100,SH, ,DFND,2020-12-31
560,NIO INC,SPON ADS,62914V106,5849000,120000,SH, ,DFND,2020-12-31
561,NISOURCE INC,COM,65473P105,8987000,391754,SH, ,DFND,2020-12-31
562,NMI HLDGS INC,CL A,629209305,12675000,559600,SH, ,DFND,2020-12-31
563,NORTHERN GENESIS ACQUISITION,COMMON STOCK,66516T104,7410000,416766,SH, ,DFND,2020-12-31
564,NORTHERN STAR ACQUISITION CO,UNIT 08/29/2025,665742201,1178000,75000,SH, ,DFND,2020-12-31
565,NORTONLIFELOCK INC,COM,668771108,8675000,417478,SH, ,DFND,2020-12-31
566,NOVAVAX INC,COM NEW,670002401,7070000,63400,SH, ,DFND,2020-12-31
567,NUANCE COMMUNICATIONS INC,COM,67020Y100,5693000,129118,SH, ,DFND,2020-12-31
568,NUTANIX INC,CL A,67059N108,13511000,423956,SH, ,DFND,2020-12-31
569,NVR INC,COM,62944T105,5549000,1360,SH, ,DFND,2020-12-31
570,NXP SEMICONDUCTORS N V,COM,N6596X109,108500000,682350,SH, ,DFND,2020-12-31
571,OAK STR HEALTH INC,COM,67181A107,13748000,224783,SH, ,DFND,2020-12-31
572,OAKTREE ACQUISITION CORP,SHS CL A,G67145105,18980000,1300000,SH, ,DFND,2020-12-31
573,OBSEVA SA,COM,H5861P103,208000,100000,SH, ,DFND,2020-12-31
574,OGE ENERGY CORP,COM,670837103,10984000,344749,SH, ,DFND,2020-12-31
575,OLD DOMINION FREIGHT LINE IN,COM,679580100,44690000,228967,SH, ,DFND,2020-12-31
576,OMNICELL COM,COM,68213N109,11648000,97048,SH, ,DFND,2020-12-31
577,OMNICHANNEL ACQUISITION CORP,UNIT 99/99/9999,68218L207,2575000,250000,SH, ,DFND,2020-12-31
578,OMNICOM GROUP INC,COM,681919106,8706000,139591,SH, ,DFND,2020-12-31
579,ON SEMICONDUCTOR CORP,COM,682189105,35029000,1070233,SH, ,DFND,2020-12-31
580,ONCORUS INC,COM,68236R103,1486000,45970,SH, ,DFND,2020-12-31
581,ONCTERNAL THERAPEUTICS INC,COM,68236P107,1781000,363436,SH, ,DFND,2020-12-31
582,OPEN LENDING CORP,COM CL A,68373J104,88631000,2535218,SH, ,DFND,2020-12-31
583,OPTION CARE HEALTH INC,COM NEW,68404L201,9960000,636814,SH, ,DFND,2020-12-31
584,ORACLE CORP,COM,68389X105,36304000,561200,SH, ,DFND,2020-12-31
585,OREILLY AUTOMOTIVE INC,COM,67103H107,23736000,52447,SH, ,DFND,2020-12-31
586,ORTHOFIX MED INC,COM,68752M108,11183000,260190,SH, ,DFND,2020-12-31
587,OSHKOSH CORP,COM,688239201,8650000,100500,SH, ,DFND,2020-12-31
588,OTIS WORLDWIDE CORP,COM,68902V107,34198000,506256,SH, ,DFND,2020-12-31
589,OTONOMY INC,COM,68906L105,15237000,2355000,SH, ,DFND,2020-12-31
590,OUTFRONT MEDIA INC,COM,69007J106,3912000,200000,SH, ,DFND,2020-12-31
591,OVERSTOCK COM INC DEL,COM,690370101,6705000,139778,SH, ,DFND,2020-12-31
592,OVINTIV INC,COM,69047Q102,13780000,959637,SH, ,DFND,2020-12-31
593,OWENS CORNING NEW,COM,690742101,6440000,85000,SH, ,DFND,2020-12-31
594,PACIFIC BIOSCIENCES CALIF IN,COM,69404D108,1038000,40000,SH, ,DFND,2020-12-31
595,PAGSEGURO DIGITAL LTD,COM CL A,G68707101,99880000,1755980,SH, ,DFND,2020-12-31
596,PALO ALTO NETWORKS INC,COM,697435105,115502000,325000,SH, ,DFND,2020-12-31
597,PANDION THERAPEUTICS INC,COM,698340106,903000,60818,SH, ,DFND,2020-12-31
598,PAPA JOHNS INTL INC,COM,698813102,11414000,134525,SH, ,DFND,2020-12-31
599,PARAMOUNT GROUP INC,COM,69924R108,1001000,110700,SH, ,DFND,2020-12-31
600,PARKER-HANNIFIN CORP,COM,701094104,14983000,55000,SH, ,DFND,2020-12-31
601,PARSONS CORPORATION,COM,70202L102,5462000,150000,SH, ,DFND,2020-12-31
602,PAYA HOLDINGS INC,COM CL A,70434P103,56893000,4189443,SH, ,DFND,2020-12-31
603,PAYLOCITY HLDG CORP,COM,70438V106,13863000,67327,SH, ,DFND,2020-12-31
604,PAYPAL HLDGS INC,COM,70450Y103,26926000,114968,SH, ,DFND,2020-12-31
605,PBF ENERGY INC,CL A,69318G106,1607000,226365,SH, ,DFND,2020-12-31
606,PDC ENERGY INC,COM,69327R101,1540000,75012,SH, ,DFND,2020-12-31
607,PERFORMANCE FOOD GROUP CO,COM,71377A103,7104000,149215,SH, ,DFND,2020-12-31
608,PERSHING SQUARE TONTINE HLDG,*W EXP 07/24/202,71531R117,101000,10555,SH, ,DFND,2020-12-31
609,PERSHING SQUARE TONTINE HLDG,COM CL A,71531R109,2633000,95000,SH, ,DFND,2020-12-31
610,PERSPECTA INC,COM,715347100,64705000,2687100,SH, ,DFND,2020-12-31
611,PETROLEO BRASILEIRO SA PETRO,SPONSORED ADR,71654V408,14971000,1333100,SH, ,DFND,2020-12-31
612,PG&E CORP,COM,69331C108,16147000,1295945,SH, ,DFND,2020-12-31
613,PHILIP MORRIS INTL INC,COM,718172109,28281000,341600,SH, ,DFND,2020-12-31
614,PINDUODUO INC,SPONSORED ADS,722304102,7515000,42300,SH, ,DFND,2020-12-31
615,PINNACLE WEST CAP CORP,COM,723484101,8358000,104542,SH, ,DFND,2020-12-31
616,PINTEREST INC,CL A,72352L106,98383000,1492911,SH, ,DFND,2020-12-31
617,PINTEREST INC,CL A,72352L106,13180000,200000,SH,Call,DFND,2020-12-31
618,PLANET FITNESS INC,CL A,72703H101,14214000,183102,SH, ,DFND,2020-12-31
619,PLUG POWER INC,COM NEW,72919P202,3350000,98792,SH, ,DFND,2020-12-31
620,POOL CORP,COM,73278L105,9951000,26715,SH, ,DFND,2020-12-31
621,POPULAR INC,COM NEW,733174700,27216000,483243,SH, ,DFND,2020-12-31
622,POPULATION HEALTH INVS CO IN,UNIT 99/99/9999,G71716123,3135000,300000,SH, ,DFND,2020-12-31
623,PORCH GROUP INC,COM,733245104,22435000,1572175,SH, ,DFND,2020-12-31
624,PORTLAND GEN ELEC CO,COM NEW,736508847,9195000,214980,SH, ,DFND,2020-12-31
625,POST HLDGS INC,COM,737446104,38812000,384237,SH, ,DFND,2020-12-31
626,POTLATCHDELTIC CORPORATION,COM,737630103,6600000,131957,SH, ,DFND,2020-12-31
627,PPD INC,COM,69355F102,8555000,250000,SH, ,DFND,2020-12-31
628,PPL CORP,COM,69351T106,12270000,435120,SH, ,DFND,2020-12-31
629,PRAXIS PRECISION MEDICINES I,COM,74006W108,13755000,250000,SH, ,DFND,2020-12-31
630,PRIMERICA INC,COM,74164M108,348000,2600,SH, ,DFND,2020-12-31
631,PROCTER AND GAMBLE CO,COM,742718109,69636000,500477,SH, ,DFND,2020-12-31
632,PROGENITY INC,COM,74319F107,1192000,224532,SH, ,DFND,2020-12-31
633,PROOFPOINT INC,COM,743424103,31797000,233100,SH, ,DFND,2020-12-31
634,PROTAGONIST THERAPEUTICS INC,COM,74366E102,11088000,550000,SH, ,DFND,2020-12-31
635,PTC THERAPEUTICS INC,COM,69366J200,57795000,947000,SH, ,DFND,2020-12-31
636,PULMONX CORP,COM,745848101,5632000,81600,SH, ,DFND,2020-12-31
637,PVH CORPORATION,COM,693656100,42514000,452802,SH, ,DFND,2020-12-31
638,QELL ACQUISITION CORP,*W EXP 10/01/202,G7307X113,312000,100000,SH, ,DFND,2020-12-31
639,QELL ACQUISITION CORP,CL A,G7307X105,2458000,200000,SH, ,DFND,2020-12-31
640,QORVO INC,COM,74736K101,5464000,32860,SH, ,DFND,2020-12-31
641,QTS RLTY TR INC,COM CL A,74736A103,6423000,103805,SH, ,DFND,2020-12-31
642,QUANTUMSCAPE CORP,COM CL A,74767V109,4441000,52587,SH, ,DFND,2020-12-31
643,QUIDEL CORP,COM,74838J101,12342000,68700,SH, ,DFND,2020-12-31
644,QUIDEL CORP,COM,74838J101,4491000,25000,SH,Call,DFND,2020-12-31
645,QUOTIENT LTD,SHS,G73268107,1400000,268792,SH, ,DFND,2020-12-31
646,R1 RCM INC,COM,749397105,7415000,308686,SH, ,DFND,2020-12-31
647,RACKSPACE TECHNOLOGY INC,COM,750102105,39235000,2058500,SH, ,DFND,2020-12-31
648,RADIAN GROUP INC,COM,750236101,9475000,467900,SH, ,DFND,2020-12-31
649,RADNET INC,COM,750491102,6497000,332000,SH, ,DFND,2020-12-31
650,RALPH LAUREN CORP,CL A,751212101,36525000,352085,SH, ,DFND,2020-12-31
651,RANGE RES CORP,COM,75281A109,12328000,1840029,SH, ,DFND,2020-12-31
652,RANGE RES CORP,COM,75281A109,4020000,600000,SH,Call,DFND,2020-12-31
653,RAYTHEON TECHNOLOGIES CORP,COM,75513E101,135090000,1889112,SH, ,DFND,2020-12-31
654,RAYTHEON TECHNOLOGIES CORP,COM,75513E101,6078000,85000,SH,Call,DFND,2020-12-31
655,REATA PHARMACEUTICALS INC,CL A,75615P103,5068000,41000,SH, ,DFND,2020-12-31
656,REDBALL ACQUISITION CORP,UNIT 99/99/9999,G7417R121,1156000,100000,SH, ,DFND,2020-12-31
657,REGENXBIO INC,COM,75901B107,6042000,133200,SH, ,DFND,2020-12-31
658,REGIONS FINANCIAL CORP NEW,COM,7591EP100,4963000,307900,SH, ,DFND,2020-12-31
659,REGULUS THERAPEUTICS INC,COM NEW,75915K200,4292000,3215436,SH, ,DFND,2020-12-31
660,REINSURANCE GRP OF AMERICA I,COM NEW,759351604,591000,5100,SH, ,DFND,2020-12-31
661,REINVENT TECHNOLOGY PARTNERS,UNIT 99/99/9999,G74847123,683000,60000,SH, ,DFND,2020-12-31
662,RELMADA THERAPEUTICS INC,COM,75955J402,9140000,285000,SH, ,DFND,2020-12-31
663,RENAISSANCERE HLDGS LTD,COM,G7496G103,39756000,239754,SH, ,DFND,2020-12-31
664,REPARE THERAPEUTICS INC,COM,760273102,10379000,302584,SH, ,DFND,2020-12-31
665,REPLIGEN CORP,COM,759916109,73089000,381405,SH, ,DFND,2020-12-31
666,REPLIMUNE GROUP INC,COM,76029N106,29952000,785100,SH, ,DFND,2020-12-31
667,REPUBLIC SVCS INC,COM,760759100,21908000,227500,SH, ,DFND,2020-12-31
668,REVOLVE GROUP INC,CL A,76156B107,51308000,1646069,SH, ,DFND,2020-12-31
669,REXFORD INDL RLTY INC,COM,76169C100,1807000,36800,SH, ,DFND,2020-12-31
670,RH,COM,74967X103,37302000,83353,SH, ,DFND,2020-12-31
671,RH,COM,74967X103,24166000,54000,SH,Put,DFND,2020-12-31
672,RIBBIT LEAP LTD,UNIT 99/99/9999,G7552B121,3743000,250000,SH, ,DFND,2020-12-31
673,RINGCENTRAL INC,CL A,76680R206,93052000,245539,SH, ,DFND,2020-12-31
674,ROCKWELL AUTOMATION INC,COM,773903109,2608000,10400,SH, ,DFND,2020-12-31
675,ROKU INC,COM CL A,77543R102,38169000,114960,SH, ,DFND,2020-12-31
676,ROSS STORES INC,COM,778296103,59699000,486110,SH, ,DFND,2020-12-31
677,ROYAL DUTCH SHELL PLC,SPON ADR B,780259107,29365000,873700,SH, ,DFND,2020-12-31
678,ROYAL DUTCH SHELL PLC,SPONS ADR A,780259206,41531000,1181873,SH, ,DFND,2020-12-31
679,RPM INTL INC,COM,749685103,11136000,122675,SH, ,DFND,2020-12-31
680,S&P GLOBAL INC,COM,78409V104,76711000,233355,SH, ,DFND,2020-12-31
681,SAIA INC,COM,78709Y105,6545000,36200,SH, ,DFND,2020-12-31
682,SAILPOINT TECHNOLOGIES HLDGS,COM,78781P105,20013000,375908,SH, ,DFND,2020-12-31
683,SALLY BEAUTY HLDGS INC,COM,79546E104,2734000,209700,SH, ,DFND,2020-12-31
684,SANDERSON FARMS INC,COM,800013104,10272000,77700,SH, ,DFND,2020-12-31
685,SANOFI,SPONSORED ADR,80105N105,49319000,1015000,SH, ,DFND,2020-12-31
686,SANTANDER CONSUMER USA HDG I,COM,80283M101,1522000,69100,SH, ,DFND,2020-12-31
687,SCHLUMBERGER LTD,COM,806857108,23785000,1089562,SH, ,DFND,2020-12-31
688,SCHWAB CHARLES CORP,COM,808513105,42262000,796802,SH, ,DFND,2020-12-31
689,SCION TECH GROWTH I,UNIT 12/17/2025,G31067120,2064000,200000,SH, ,DFND,2020-12-31
690,SCIPLAY CORPORATION,CL A,809087109,480000,34667,SH, ,DFND,2020-12-31
691,SCOTTS MIRACLE GRO CO,CL A,810186106,18301000,91900,SH, ,DFND,2020-12-31
692,SEA LTD,SPONSORD ADS,81141R100,27917000,140250,SH, ,DFND,2020-12-31
693,SEAPORT GLOBAL ACQUISITN COR,UNIT 99/99/9999,812227205,1568000,150000,SH, ,DFND,2020-12-31
694,SEAWORLD ENTMT INC,COM,81282V100,54131000,1713547,SH, ,DFND,2020-12-31
695,SELECT MED HLDGS CORP,COM,81619Q105,41756000,1509600,SH, ,DFND,2020-12-31
696,SELECT SECTOR SPDR TR,ENERGY,81369Y506,11588000,305750,SH, ,DFND,2020-12-31
697,SELECT SECTOR SPDR TR,ENERGY,81369Y506,8054000,212500,SH,Call,DFND,2020-12-31
698,SELECT SECTOR SPDR TR,SBI CONS STPLS,81369Y308,2192000,32500,SH, ,DFND,2020-12-31
699,SELECT SECTOR SPDR TR,SBI INT-FINL,81369Y605,3538000,120000,SH, ,DFND,2020-12-31
700,SELECT SECTOR SPDR TR,SBI INT-FINL,81369Y605,35907000,1218000,SH,Call,DFND,2020-12-31
701,SELECT SECTOR SPDR TR,SBI INT-INDS,81369Y704,886000,10000,SH, ,DFND,2020-12-31
702,SELECT SECTOR SPDR TR,SBI INT-UTILS,81369Y886,7649000,122000,SH, ,DFND,2020-12-31
703,SELECTQUOTE INC,COM,816307300,11895000,573250,SH, ,DFND,2020-12-31
704,SEMPRA ENERGY,COM,816851109,67315000,528335,SH, ,DFND,2020-12-31
705,SENSATA TECHNOLOGIES HLDG PL,SHS,G8060N102,34550000,655100,SH, ,DFND,2020-12-31
706,SERES THERAPEUTICS INC,COM,81750R102,2583000,105446,SH, ,DFND,2020-12-31
707,SEVEN OAKS ACQUISITION CORP,UNIT 12/18/2025,81787X205,3105000,300000,SH, ,DFND,2020-12-31
708,SHAW COMMUNICATIONS INC,CL B CONV,82028K200,1596000,91000,SH, ,DFND,2020-12-31
709,SHIFT4 PMTS INC,CL A,82452J109,27514000,364910,SH, ,DFND,2020-12-31
710,SHOE CARNIVAL INC,COM,824889109,274000,7000,SH, ,DFND,2020-12-31
711,SHOPIFY INC,CL A,82509L107,32662000,28855,SH, ,DFND,2020-12-31
712,SHUTTERSTOCK INC,COM,825690100,93000,1300,SH, ,DFND,2020-12-31
713,SIBANYE STILLWATER LTD,SPONSORED ADR,82575P107,8879000,558800,SH, ,DFND,2020-12-31
714,SIGNATURE BK NEW YORK N Y,COM,82669G104,29766000,220015,SH, ,DFND,2020-12-31
715,SIGNET JEWELERS LIMITED,SHS,G81276100,12544000,459986,SH, ,DFND,2020-12-31
716,SILICON MOTION TECHNOLOGY CO,SPONSORED ADR,82706C108,2263000,47000,SH, ,DFND,2020-12-31
717,SILVER SPIKE ACQUISITION COR,CL A SHS,G8136L106,3512000,275000,SH, ,DFND,2020-12-31
718,SIMPLY GOOD FOODS CO,COM,82900L102,17941000,572100,SH, ,DFND,2020-12-31
719,SKYWORKS SOLUTIONS INC,COM,83088M102,43041000,281536,SH, ,DFND,2020-12-31
720,SM ENERGY CO,COM,78454L100,2296000,375200,SH, ,DFND,2020-12-31
721,SMILEDIRECTCLUB INC,CL A COM,83192H106,8397000,703300,SH, ,DFND,2020-12-31
722,SMITH & NEPHEW PLC,SPDN ADR NEW,83175M205,4580000,108600,SH, ,DFND,2020-12-31
723,SOCIEDAD QUIMICA Y MINERA DE,SPON ADR SER B,833635105,3186000,64900,SH, ,DFND,2020-12-31
724,SOHU COM LTD,SPONSORED ADS,83410S108,962000,60343,SH, ,DFND,2020-12-31
725,SONOS INC,COM,83570H108,1148000,49100,SH, ,DFND,2020-12-31
726,SONY CORP,SPONSORED ADR,835699307,8533000,84400,SH, ,DFND,2020-12-31
727,SOTERA HEALTH CO,COM,83601L102,181000,6600,SH, ,DFND,2020-12-31
728,SOUTH JERSEY INDS INC,COM,838518108,1412000,65500,SH, ,DFND,2020-12-31
729,SOUTH MTN MERGER CORP,COM CL A,838884104,13857000,859052,SH, ,DFND,2020-12-31
730,SOUTHWEST AIRLS CO,COM,844741108,22042000,472901,SH, ,DFND,2020-12-31
731,SOUTHWESTERN ENERGY CO,COM,845467109,3387000,1136500,SH, ,DFND,2020-12-31
732,SPDR GOLD TR,GOLD SHS,78463V107,7580000,42500,SH, ,DFND,2020-12-31
733,SPDR S&P 500 ETF TR,TR UNIT,78462F103,860000,2300,SH, ,DFND,2020-12-31
734,SPDR S&P 500 ETF TR,TR UNIT,78462F103,3739000,10000,SH,Call,DFND,2020-12-31
735,SPDR S&P 500 ETF TR,TR UNIT,78462F103,558951000,1495000,SH,Put,DFND,2020-12-31
736,SPDR SER TR,PORTFOLIO INTRMD,78464A375,25537000,686860,SH, ,DFND,2020-12-31
737,SPDR SER TR,S&P BIOTECH,78464A870,197092000,1400000,SH,Put,DFND,2020-12-31
738,SPDR SER TR,S&P HOMEBUILD,78464A888,2017000,35000,SH, ,DFND,2020-12-31
739,SPDR SER TR,S&P OILGAS EXP,78468R556,7313000,125000,SH,Call,DFND,2020-12-31
740,SPDR SER TR,S&P RETAIL ETF,78464A714,16080000,250000,SH,Put,DFND,2020-12-31
741,SPIRE INC,COM,84857L101,1396000,21800,SH, ,DFND,2020-12-31
742,SPIRIT AEROSYSTEMS HLDGS INC,COM CL A,848574109,20040000,512652,SH, ,DFND,2020-12-31
743,SPIRIT AIRLS INC,COM,848577102,15310000,626177,SH, ,DFND,2020-12-31
744,SPIRIT RLTY CAP INC NEW,COM NEW,84860W300,1434000,35700,SH, ,DFND,2020-12-31
745,SPORTS ENTERTAINMENT ACQU CO,UNIT 99/99/9999,84918M205,3763000,350000,SH, ,DFND,2020-12-31
746,STAMPS COM INC,COM NEW,852857200,2064000,10520,SH, ,DFND,2020-12-31
747,STAR PEAK ENERGY TRANSITION,CL A,855185104,1911000,93420,SH, ,DFND,2020-12-31
748,STMICROELECTRONICS N V,NY REGISTRY,861012102,15744000,424127,SH, ,DFND,2020-12-31
749,STRATASYS LTD,SHS,M85548101,1834000,88500,SH, ,DFND,2020-12-31
750,SUN CMNTYS INC,COM,866674104,1535000,10100,SH, ,DFND,2020-12-31
751,SUNCOR ENERGY INC NEW,COM,867224107,35634000,2125480,SH, ,DFND,2020-12-31
752,SUNNOVA ENERGY INTL INC.,COM,86745K104,15626000,346246,SH, ,DFND,2020-12-31
753,SUNNOVA ENERGY INTL INC.,COM,86745K104,839000,18600,SH,Call,DFND,2020-12-31
754,SUNPOWER CORP,COM,867652406,1983000,77322,SH, ,DFND,2020-12-31
755,SUNRUN INC,COM,86771W105,39699000,572203,SH, ,DFND,2020-12-31
756,SUNRUN INC,COM,86771W105,3469000,50000,SH,Call,DFND,2020-12-31
757,SUNSTONE HOTEL INVS INC NEW,COM,867892101,529000,46700,SH, ,DFND,2020-12-31
758,SUPERNOVA PARTNERS ACQUISITI,UNIT 99/99/9999,86846V207,4644000,400000,SH, ,DFND,2020-12-31
759,SURFACE ONCOLOGY INC,COM,86877M209,3835000,415000,SH, ,DFND,2020-12-31
760,SUTRO BIOPHARMA INC,COM,869367102,30596000,1409314,SH, ,DFND,2020-12-31
761,SWITCH INC,CL A,87105L104,9043000,552383,SH, ,DFND,2020-12-31
762,SWITCHBACK ENERGY ACQUISTN C,COM CL A,87105M102,5081000,126773,SH, ,DFND,2020-12-31
763,SYNCHRONY FINANCIAL,COM,87165B103,2603000,75000,SH, ,DFND,2020-12-31
764,SYNDAX PHARMACEUTICALS INC,COM,87164F105,25440000,1143900,SH, ,DFND,2020-12-31
765,SYNEOS HEALTH INC,CL A,87166B102,11548000,169500,SH, ,DFND,2020-12-31
766,SYNOVUS FINL CORP,COM NEW,87161C501,249000,7700,SH, ,DFND,2020-12-31
767,SYSCO CORP,COM,871829107,30832000,415194,SH, ,DFND,2020-12-31
768,T-MOBILE US INC,COM,872590104,141430000,1048794,SH, ,DFND,2020-12-31
769,T-MOBILE US INC,COM,872590104,20228000,150000,SH,Call,DFND,2020-12-31
770,TACTILE SYS TECHNOLOGY INC,COM,87357P100,5650000,125728,SH, ,DFND,2020-12-31
771,TAKEDA PHARMACEUTICAL CO LTD,SPONSORED ADS,874060205,11854000,651300,SH, ,DFND,2020-12-31
772,TALEND S A,ADS,874224207,36435000,950300,SH, ,DFND,2020-12-31
773,TAPESTRY INC,COM,876030107,45700000,1470399,SH, ,DFND,2020-12-31
774,TARGA RES CORP,COM,87612G101,26847000,1017703,SH, ,DFND,2020-12-31
775,TARGET CORP,COM,87612E106,21983000,124528,SH, ,DFND,2020-12-31
776,TARO PHARMACEUTICAL INDS LTD,SHS,M8737E108,3084000,42000,SH, ,DFND,2020-12-31
777,TAYSHA GENE THERAPIES INC,COM SHS,877619106,355000,13366,SH, ,DFND,2020-12-31
778,TECHNIPFMC PLC,COM,G87110105,10156000,1080400,SH, ,DFND,2020-12-31
779,TECK RESOURCES LTD,CL B,878742204,12342000,680000,SH, ,DFND,2020-12-31
780,TELADOC HEALTH INC,COM,87918A105,12937000,64700,SH, ,DFND,2020-12-31
781,TELEDYNE TECHNOLOGIES INC,COM,879360105,22125000,56444,SH, ,DFND,2020-12-31
782,TELEFLEX INCORPORATED,COM,879369106,29921000,72700,SH, ,DFND,2020-12-31
783,TEMPUR SEALY INTL INC,COM,88023U101,36358000,1346600,SH, ,DFND,2020-12-31
784,TEXAS ROADHOUSE INC,COM,882681109,49624000,634900,SH, ,DFND,2020-12-31
785,THE ODP CORP,COM,88337F105,337000,11500,SH, ,DFND,2020-12-31
786,THE REALREAL INC,COM,88339P101,717000,36703,SH, ,DFND,2020-12-31
787,THERMO FISHER SCIENTIFIC INC,COM,883556102,16107000,34581,SH, ,DFND,2020-12-31
788,TILRAY INC,COM CL 2,88688T100,5714000,691800,SH, ,DFND,2020-12-31
789,TIM S A,SPONSORED ADR,88706T108,10067000,723237,SH, ,DFND,2020-12-31
790,TJX COS INC NEW,COM,872540109,34096000,499283,SH, ,DFND,2020-12-31
791,TOYOTA MOTOR CORP,SP ADR REP2COM,892331307,2411000,15600,SH, ,DFND,2020-12-31
792,TPG PACE BEN FIN CORP,CL A COM,G8990D125,1371000,53000,SH, ,DFND,2020-12-31
793,TRANSALTA CORP,COM,89346D107,8388000,1105000,SH, ,DFND,2020-12-31
794,TRANSDIGM GROUP INC,COM,893641100,80865000,130670,SH, ,DFND,2020-12-31
795,TRANSLATE BIO INC,COM,89374L104,1493000,81000,SH, ,DFND,2020-12-31
796,TRANSMEDICS GROUP INC,COM,89377M109,1787000,89800,SH, ,DFND,2020-12-31
797,TRANSUNION,COM,89400J107,29176000,294058,SH, ,DFND,2020-12-31
798,TRAVERE THERAPEUTICS INC,COM,89422G107,16925000,621000,SH, ,DFND,2020-12-31
799,TREX CO INC,COM,89531P105,13361000,159593,SH, ,DFND,2020-12-31
800,TRILLIUM THERAPEUTICS INC,COM NEW,89620X506,6967000,473600,SH, ,DFND,2020-12-31
801,TRIP COM GROUP LTD,ADS,89677Q107,4489000,133100,SH, ,DFND,2020-12-31
802,TRIPADVISOR INC,COM,896945201,12482000,433698,SH, ,DFND,2020-12-31
803,TRITERRAS INC,*W EXP 02/02/202,G9103H110,3560000,1603501,SH, ,DFND,2020-12-31
804,TRITERRAS INC,SHS CL A,G9103H102,15686000,1422140,SH, ,DFND,2020-12-31
805,TRONOX HOLDINGS PLC,SHS,G9087Q102,2977000,203614,SH, ,DFND,2020-12-31
806,TTM TECHNOLOGIES INC,COM,87305R109,30724000,2227200,SH, ,DFND,2020-12-31
807,TWC TECH HLDGS II CORP,COM,90117G105,9104000,864594,SH, ,DFND,2020-12-31
808,TWITTER INC,COM,90184L102,180825000,3339331,SH, ,DFND,2020-12-31
809,TWITTER INC,COM,90184L102,5415000,100000,SH,Call,DFND,2020-12-31
810,TYSON FOODS INC,CL A,902494103,10916000,169400,SH, ,DFND,2020-12-31
811,UBER TECHNOLOGIES INC,COM,90353T100,200954000,3940267,SH, ,DFND,2020-12-31
812,UBER TECHNOLOGIES INC,COM,90353T100,5100000,100000,SH,Call,DFND,2020-12-31
813,ULTRAGENYX PHARMACEUTICAL IN,COM,90400D108,16570000,119700,SH, ,DFND,2020-12-31
814,UNDER ARMOUR INC,CL A,904311107,24463000,1424747,SH, ,DFND,2020-12-31
815,UNION PAC CORP,COM,907818108,20930000,100519,SH, ,DFND,2020-12-31
816,UNIQURE NV,SHS,N90064101,17643000,488333,SH, ,DFND,2020-12-31
817,UNITED STATES STL CORP NEW,COM,912909108,936000,55800,SH, ,DFND,2020-12-31
818,UNITED THERAPEUTICS CORP DEL,COM,91307C102,52094000,343201,SH, ,DFND,2020-12-31
819,UNIVAR SOLUTIONS USA INC,COM,91336L107,758000,39900,SH, ,DFND,2020-12-31
820,UNIVERSAL HLTH SVCS INC,CL B,913903100,34733000,252600,SH, ,DFND,2020-12-31
821,US BANCORP DEL,COM NEW,902973304,3727000,80000,SH, ,DFND,2020-12-31
822,US FOODS HLDG CORP,COM,912008109,393000,11800,SH, ,DFND,2020-12-31
823,USA TECHNOLOGIES INC,COM,90328S500,6766000,645657,SH, ,DFND,2020-12-31
824,V F CORP,COM,918204108,73096000,855820,SH, ,DFND,2020-12-31
825,VALE S A,SPONSORED ADS,91912E105,16368000,976600,SH, ,DFND,2020-12-31
826,VALERO ENERGY CORP,COM,91913Y100,23411000,413833,SH, ,DFND,2020-12-31
827,VANDA PHARMACEUTICALS INC,COM,921659108,2234000,170000,SH, ,DFND,2020-12-31
828,VANECK VECTORS ETF TR,OIL SVCS ETF,92189H607,1925000,12500,SH,Call,DFND,2020-12-31
829,VANGUARD INTL EQUITY INDEX F,FTSE EUROPE ETF,922042874,2530000,42000,SH, ,DFND,2020-12-31
830,VANGUARD SCOTTSDALE FDS,SHRT TRM CORP BD,92206C409,15375000,184690,SH, ,DFND,2020-12-31
831,VAREX IMAGING CORP,COM,92214X106,4247000,254639,SH, ,DFND,2020-12-31
832,VERINT SYS INC,COM,92343X100,10484000,156057,SH, ,DFND,2020-12-31
833,VERISIGN INC,COM,92343E102,7293000,33700,SH, ,DFND,2020-12-31
834,VERTEX PHARMACEUTICALS INC,COM,92532F100,52727000,223100,SH, ,DFND,2020-12-31
835,VESPER HEALTHCARE ACQSTN COR,*W EXP 09/30/202,92538T112,1984000,750000,SH, ,DFND,2020-12-31
836,VESPER HEALTHCARE ACQSTN COR,COM CL A,92538T104,5655000,500000,SH, ,DFND,2020-12-31
837,VIA OPTRONICS AG,SPONSORED ADS,91823Y109,1481000,110000,SH, ,DFND,2020-12-31
838,VIASAT INC,COM,92552V100,1716000,52549,SH, ,DFND,2020-12-31
839,VIATRIS INC,COM,92556V106,21802000,1163400,SH, ,DFND,2020-12-31
840,VIAVI SOLUTIONS INC,COM,925550105,2995000,200000,SH, ,DFND,2020-12-31
841,VIPSHOP HOLDINGS LIMITED,SPONSORED ADS A,92763W103,1190000,42344,SH, ,DFND,2020-12-31
842,VIRTU FINL INC,CL A,928254101,2585000,102700,SH, ,DFND,2020-12-31
843,VIRTUS INVT PARTNERS INC,COM,92828Q109,564000,2600,SH, ,DFND,2020-12-31
844,VISA INC,COM CL A,92826C839,281093000,1285116,SH, ,DFND,2020-12-31
845,VISHAY INTERTECHNOLOGY INC,COM,928298108,30782000,1486346,SH, ,DFND,2020-12-31
846,VONAGE HLDGS CORP,COM,92886T201,32977000,2561306,SH, ,DFND,2020-12-31
847,VOYA FINANCIAL INC,COM,929089100,470000,8000,SH, ,DFND,2020-12-31
848,VROOM INC,COM,92918V109,39756000,970379,SH, ,DFND,2020-12-31
849,WARRIOR MET COAL INC,COM,93627C101,1249000,58600,SH, ,DFND,2020-12-31
850,WEBSTER FINL CORP CONN,COM,947890109,8001000,189818,SH, ,DFND,2020-12-31
851,WEIBO CORP,SPONSORED ADR,948596101,22700000,553800,SH, ,DFND,2020-12-31
852,WEST PHARMACEUTICAL SVSC INC,COM,955306105,10799000,38118,SH, ,DFND,2020-12-31
853,WESTERN DIGITAL CORP.,COM,958102105,14740000,266113,SH, ,DFND,2020-12-31
854,WESTLAKE CHEM CORP,COM,960413102,2132000,26127,SH, ,DFND,2020-12-31
855,WEYERHAEUSER CO MTN BE,COM NEW,962166104,18606000,554908,SH, ,DFND,2020-12-31
856,WHITE MTNS INS GROUP LTD,COM,G9618E107,2101000,2100,SH, ,DFND,2020-12-31
857,WILLIS TOWERS WATSON PLC LTD,SHS,G96629103,22704000,107766,SH, ,DFND,2020-12-31
858,WORKDAY INC,CL A,98138H101,81098000,338459,SH, ,DFND,2020-12-31
859,WORLD FUEL SVCS CORP,COM,981475106,991000,31800,SH, ,DFND,2020-12-31
860,WORLD WRESTLING ENTMT INC,CL A,98156Q108,19235000,400314,SH, ,DFND,2020-12-31
861,WP CAREY INC,COM,92936U109,3755000,53200,SH, ,DFND,2020-12-31
862,WW INTL INC,COM,98262P101,5078000,208115,SH, ,DFND,2020-12-31
863,WW INTL INC,COM,98262P101,17690000,725000,SH,Call,DFND,2020-12-31
864,XCEL ENERGY INC,COM,98389B100,62971000,944520,SH, ,DFND,2020-12-31
865,XENCOR INC,COM,98401F105,4930000,113000,SH, ,DFND,2020-12-31
866,XENON PHARMACEUTICALS INC,COM,98420N105,7274000,472979,SH, ,DFND,2020-12-31
867,XL FLEET CORP,COM CL A,9837FR100,1006000,42400,SH, ,DFND,2020-12-31
868,XPENG INC,ADS,98422D105,227000,5300,SH, ,DFND,2020-12-31
869,XPO LOGISTICS INC,COM,983793100,9536000,80000,SH, ,DFND,2020-12-31
870,ZENDESK INC,COM,98936J101,65878000,460296,SH, ,DFND,2020-12-31
871,ZILLOW GROUP INC,CL A,98954M101,2393000,17600,SH, ,DFND,2020-12-31
872,ZILLOW GROUP INC,CL C CAP STK,98954M200,10554000,81311,SH, ,DFND,2020-12-31
873,ZOETIS INC,CL A,98978V103,34341000,207500,SH, ,DFND,2020-12-31
874,ZOGENIX INC,COM NEW,98978L204,3490000,174570,SH, ,DFND,2020-12-31
875,ZSCALER INC,COM,98980G102,55872000,279767,SH, ,DFND,2020-12-31
876,ZUORA INC,COM CL A,98983V106,6305000,452651,SH, ,DFND,2020-12-31
877,ZYMEWORKS INC,COM,98985W102,38498000,814600,SH, ,DFND,2020-12-31
